tags, 1
google-api, 5
android-gradle, 12
google-api-java-client, 1
travis-ci, 1
google-play, 4
android, 497
android-5.0-lollipop, 12
google-chrome, 1
device-policy-manager, 2
android-managed-profile, 2
android-camera, 41
nullpointerexception, 4
sample, 1
camera, 17
adapter, 1
android-recyclerview, 6
google-play-services, 32
geofencing, 5
android-tabs, 1
android-sliding, 1
service, 2
android-service, 2
android-geofence, 8
screenshot, 1
fusedlocationproviderapi, 2
google-fit, 7
android-layout, 6
material-design, 1
viewanimator, 1
circularreveal, 1
activity-recognition, 3
swiperefreshlayout, 2
android-pendingintent, 1
android-intentservice, 1
android-mediarecorder, 7
android-mediaprojection, 4
android-listview, 2
scrollbar, 1
autocomplete, 2
google-places-api, 9
location, 9
genymotion, 1
genymotion-gps, 1
kiosk-mode, 2
android-testing, 9
android-espresso, 15
adb, 1
device-owner, 2
textureview, 1
face-detection, 6
face-recognition, 3
android-fragments, 12
autocompletetextview, 1
java, 62
android-studio, 39
wear-os, 5
opengl-es, 3
effects, 1
github, 5
version-control, 1
fork, 1
permissions, 1
android-6.0-marshmallow, 12
gps, 2
geolocation, 3
gradle, 14
image-processing, 3
surfaceview, 1
sync, 1
samsung-mobile, 3
android-syncadapter, 3
recycler-adapter, 3
xamarin, 3
xamarin.android, 2
android-ndk, 35
bluetooth, 9
bluetooth-lowenergy, 11
keystore, 4
secret-key, 1
google-maps, 2
google-maps-android-api-2, 1
android-resources, 1
android-imageview, 1
android-bitmap, 2
xml, 1
cordova, 1
layout, 1
google-vision, 23
android-vision, 26
android-permissions, 4
android-intent, 5
command-line, 1
c++, 10
debugging, 4
build.gradle, 3
gradle-experimental, 5
android-emulator, 4
avd, 1
chat, 1
camera2, 9
preview, 4
emulation, 1
nexus-5, 1
android-framelayout, 1
android-api-levels, 1
fragment, 2
fragmenttransaction, 1
fingerprint, 7
android-productflavors, 1
google-nearby, 6
android-camera2, 55
google-smartlockpasswords, 1
google-fit-sdk, 1
android-hardware, 1
uuid, 1
callback, 3
listener, 1
handler, 1
java-native-interface, 7
instant-run, 1
android-fingerprint-api, 10
android-mediaplayer, 2
android-support-library, 2
appcompat, 1
android-wear-notification, 1
sipdroid, 1
video-capture, 3
google-api-client, 4
android-tv, 1
gesture, 1
sharedpreferences, 1
mockito, 5
security, 1
biometrics, 2
google-cloud-messaging, 1
android-5.1.1-lollipop, 2
video, 8
in-app-billing, 7
promotion-code, 1
mobile, 2
upload, 1
google-play-developer-api, 3
python, 1
attributeerror, 1
oauth2client, 1
media-player, 3
playback, 1
testing, 2
junit4, 2
android-instrumentation, 2
image, 2
imaging, 1
android-image, 1
barcode-scanner, 4
camera-flash, 2
zoom, 1
capture, 1
android-sdk-tools, 1
android-build, 1
android-studio-import, 1
shared-libraries, 2
memory-leaks, 3
exoplayer, 2
android-fragmentactivity, 2
native, 1
beacon, 1
header, 1
classnotfoundexception, 1
qr-code, 1
android-contentprovider, 1
dry, 1
ffmpeg, 1
multithreading, 3
android-looper, 1
android-handlerthread, 1
android-activity, 3
junit, 3
camera-api, 1
pdfrenderer, 1
google-geolocation, 1
android-fusedlocation, 2
repository-pattern, 2
mvp, 13
vision, 2
android-bluetooth, 3
logging, 1
arduino, 1
flashlight, 2
android-location, 3
provisioning, 1
nfs, 1
c++11, 1
ndk-build, 2
unit-testing, 5
android-context, 1
fastlane, 1
android-textureview, 2
android-auto, 3
boringssl, 1
c#, 1
android-install-apk, 1
casting, 1
upnp, 1
mediarouter, 1
alarmmanager, 1
android-alarms, 1
android-file, 1
storage-access-framework, 2
in-app-purchase, 6
cmake, 5
clang, 2
dagger-2, 22
orientation, 1
mediarecorder, 2
portrait, 1
android-7.0-nougat, 3
android-7.1-nougat, 1
key-pair, 1
git, 2
json, 1
android-external-storage, 1
mtp, 1
document-provider, 1
rx-java, 3
screen-orientation, 1
rx-android, 2
design-patterns, 4
audio-recording, 1
voice-recording, 1
architecture, 4
kotlin, 24
android-viewpager, 2
google-signin, 1
google-authentication, 1
bitmap, 3
front-camera, 2
android-alertdialog, 1
android-dialog, 1
opensl, 4
gatt, 1
safetynet, 1
broadcastreceiver, 1
updates, 1
torch, 1
barcode, 2
vision-api, 2
vulkan, 1
data-binding, 2
android-databinding, 6
android-studio-2.3, 1
android-mvp, 5
api, 1
focus, 1
lg, 1
dependency-injection, 5
dagger, 3
android-8.0-oreo, 4
distortion, 1
android-things, 2
firebase, 2
android-asynctask, 1
firebase-realtime-database, 1
rotation, 2
mvvm, 15
overlay, 2
android-architecture-components, 37
google-console-developer, 1
android-instant-apps, 7
database-migration, 1
android-room, 15
play-billing-library, 2
android-billing, 2
authentication, 1
signature, 1
mdm, 1
android-for-work, 3
android-junit, 1
dagger.android, 6
android-lifecycle, 2
android-livedata, 15
audio, 4
device-admin, 1
samsung-knox, 1
flash, 1
android-mvvm, 3
android-notifications, 3
foreground-service, 2
raspberry-pi3, 1
android-ble, 1
android-viewmodel, 8
notification-channel, 1
emoji, 1
branch, 1
viewmodel, 4
kotlin-interop, 1
android-architecture-lifecycle, 3
audio-player, 2
android-music-player, 2
android-mediasession, 2
mediabrowserservice, 2
mediabrowserservicecompat, 2
android-constraintlayout, 3
android-lru-cache, 1
imageresizer-diskcache, 1
diskcache, 1
dsl, 1
android-gradle-2.2, 1
fonts, 1
google-font-api, 1
google-fonts, 1
realm, 1
rx-java2, 4
crash, 1
sqlite, 2
immutability, 1
intentservice, 1
android-gradle-3.0, 1
gradle-android-test-plugi, 1
android-securityexception, 1
react-native, 1
use-case, 1
clean-architecture, 1
hex, 1
intellij-idea, 1
pdf, 1
android-wear-complication, 1
frame-rate, 1
cosu, 3
fusedlocationproviderclient, 1
location-updates, 1
dagger-android, 3
bluetooth-gatt, 1
keychain, 1
key-storage, 1
android-architecture, 2
android-enterprise, 1
android-management-api, 1
gcc, 1
mutablelivedata, 2
tensorflow, 1
android-studio-3.0, 1
packageinstaller, 1
android-tablelayout, 1
push-notification, 1
notifications, 2
android-wear-2.0, 1
smart-linkify, 1
smart-text-selection, 1
android-paging, 3
mediacodec, 1
mediamuxer, 1
paging, 1
androidx, 4
resolve, 1
play-services-auth-base-license, 1
exoplayer2.x, 1
call-recording, 1
video-streaming, 1
opentok, 1
android-video-record, 1
retrofit, 2
auto, 1
android-jetpack, 7
navigation, 1
android-navigation, 3
bottomnavigationview, 1
database, 1
crop, 2
android-keystore, 1
android-workmanager, 2
android-paging-library, 1
generics, 1
app-bundle, 1
android-app-bundle, 1
android-navigation-component, 2
android-annotations, 1
.so, 1
video-processing, 1
android-navigation-drawer, 1
sceneform, 1
android-broadcast, 1
android-broadcastreceiver, 1
android-sms, 1
bazel, 1
storage, 1
external, 1
singleton, 1
youtube-api, 1
picture-in-picture, 1
firebase-mlkit, 1
egl, 1
android-motionlayout, 1
fragment-backstack, 1
opencv, 1
kapt, 1
sms, 1
