tags, 9
python, 308
python-2.7, 21
user-interface, 14
tkinter, 4
tkinter-entry, 1
jsp, 924
jstl, 90
jsp-tags, 22
spring-mvc, 7871
java, 25013
spring, 25466
jackson, 560
jquery, 403
html, 298
css, 200
html5, 35
css3, 23
spring-integration, 1618
spring-security, 3899
saml-2.0, 91
adfs2.0, 4
spring-saml, 172
xml, 663
xsd, 86
openid, 9
google-openid, 3
unit-testing, 407
maven, 3119
grails, 1018
ivy, 14
spock, 74
hibernate, 4287
validation, 265
eclipse, 734
thymeleaf, 668
testing, 195
junit, 681
junit4, 107
spring-junit, 17
architecture, 37
oauth-2.0, 329
web-services, 423
spring-boot, 13165
sessionfactory, 31
database-connection, 29
datasource, 123
android, 320
twitter, 26
robospice, 14
networkx, 100
c#, 85
console-application, 3
spring.net, 18
javascript, 684
json, 921
gson, 33
spring-tool-suite, 140
eclipse-virgo, 4
vsphere, 1
integration, 33
axis2, 10
mainframe, 3
cics, 1
properties-file, 80
mockito, 269
hamcrest, 11
spring-mvc-test, 50
ajax, 245
rest, 1492
apache-tiles, 34
jpa, 1956
jax-rs, 127
bundle, 11
apache-servicemix, 28
scrapy, 4
ios, 228
cocoa-touch, 9
uikit, 2
ios7, 24
query-parameters, 6
tomcat7, 173
cxf, 251
m2eclipse, 13
spring-jdbc, 265
google-apps, 2
mysql, 975
digest-authentication, 6
lucene, 23
indexing, 8
jsf, 150
primefaces, 67
welcome-file, 6
struts2, 128
struts-config, 2
action-mapping, 7
jdbc, 424
oracle11g, 38
spring-transactions, 236
annotations, 304
jms, 270
http-post, 15
message-queue, 24
spring-3, 60
solr, 73
spring-data-solr, 62
tomcat, 1331
phantomjs, 9
grails-2.2, 5
upload, 15
servlet-3.0, 54
spring-test, 379
spring-test-mvc, 87
inversion-of-control, 45
angularjs, 472
highcharts, 6
highcharts-ng, 1
spring-batch, 1047
dependency-injection, 332
autowired, 346
spring-data-jpa, 1838
spring-social, 133
session, 168
logging, 320
log4j, 211
layout, 3
autolayout, 13
xcode5, 1
r, 115
time-series, 3
mean, 1
osgi, 89
neo4j, 300
spring-data-neo4j, 250
eclipse-wtp, 4
websphere-8, 44
xamarin.ios, 2
xamarin-studio, 1
oracle, 262
activemq, 246
sftp, 32
hibernate-mapping, 67
spring-orm, 46
querydsl, 154
multithreading, 266
security, 238
ldap, 132
spring-ldap, 95
cordova, 8
quartz-scheduler, 146
authorization, 49
spring-data-rest, 505
apache, 143
internet-explorer, 7
single-sign-on, 61
ntlm, 5
javadoc, 6
servlets, 364
grails-plugin, 105
proxy-classes, 5
grails-2.3, 17
ssl, 207
nginx, 45
jdbctemplate, 152
mocking, 71
freemarker, 74
mobile, 6
geolocation, 3
powermock, 14
login, 57
forms, 85
controller, 94
resttemplate, 262
ubuntu, 46
google-app-engine, 126
datanucleus, 7
spring-webflow, 90
transactions, 338
apache-commons-dbcp, 17
websphere, 116
jndi, 109
spring-jms, 256
webmethods, 2
post, 74
apache-camel, 505
orm, 94
spring-security-oauth2, 507
session-timeout, 11
virtual-machine, 4
cluster-computing, 21
gradle, 945
build.gradle, 101
gradlew, 16
http, 140
https, 63
.net, 19
ide, 12
intellij-idea, 536
mule, 232
jbehave, 8
sts-springsourcetoolsuite, 25
weblogic, 100
objective-c, 85
uiview, 8
uiviewanimation, 14
uiviewanimation-curve, 2
jta, 60
configuration, 251
servlet-filters, 57
web.xml, 80
embedded-jetty, 33
jetty, 162
paypal, 6
paypal-sandbox, 3
paypal-ipn, 2
java-ee-6, 13
ejb-3.1, 5
lazy-loading, 33
exception, 135
hsqldb, 79
ibm-mobilefirst, 10
server.xml, 1
sql, 239
spring-aop, 298
nhibernate-mapping, 3
oracle10g, 4
postgresql, 505
macos, 48
gdata, 2
spring-roo, 76
spring-data, 1730
auditing, 10
jasper-reports, 39
linux, 107
amqp, 71
qpid, 6
database, 150
extjs, 23
extjs4.1, 2
asynchronous, 105
entitymanager, 51
ehcache, 148
spring2.x, 2
pdf, 24
model-view-controller, 151
sitemesh, 6
load, 2
transactional, 93
relationship, 5
jaxb, 130
jersey, 218
spring-dm, 13
inheritance, 44
package, 12
jersey-2.0, 108
hk2, 6
serialization, 77
apache-storm, 10
trident, 1
jax-ws, 58
springsource, 3
builder, 2
c3p0, 49
bonecp, 6
nullpointerexception, 65
blob, 17
ibatis, 24
jodatime, 43
matplotlib, 58
openshift, 61
paas, 5
hibernate-validator, 90
listener, 20
enums, 49
enumset, 1
file-upload, 117
httpclient, 27
boundary, 1
jersey-client, 14
eclipse-jdt, 1
spring-ide, 5
parsing, 28
linq-to-xml, 1
jsf-2, 79
datatable, 9
aop, 187
date, 54
datetime, 35
hadoop, 55
hbase, 15
jruby, 6
javabeans, 133
cglib, 33
task, 7
cronexpression, 6
crontrigger, 2
visual-studio-2008, 1
compact-framework, 2
emulation, 1
windows-ce, 1
visual-studio-debugging, 1
shiro, 28
persistence.xml, 16
authentication, 257
curl, 36
vaadin, 106
tomcat8, 122
cxfrs, 8
iphone, 30
calayer, 1
drawrect, 1
artificial-intelligence, 4
genetic-algorithm, 24
evolutionary-algorithm, 3
cloudera, 3
spring-xd, 123
facelets, 7
plugins, 32
java-ee, 288
netbeans, 46
glassfish-4, 12
mongodb, 808
ant, 34
http-status-code-404, 55
aspectj, 218
configurable, 3
jpa-2.0, 49
audit-logging, 2
proxy, 62
internationalization, 66
datetime-format, 5
mule-studio, 65
spring-el, 153
batch-updates, 3
unicode, 15
app-config, 4
spring-flex, 1
xsd-validation, 9
email, 99
spring-batch-admin, 86
native, 5
uitableview, 14
nsarray, 2
nsdictionary, 1
spring-annotations, 180
jpql, 86
command-line, 12
multi-tenant, 49
session-bean, 2
axis, 8
deployment, 87
codi, 1
jasypt, 24
web-applications, 89
gradle-eclipse, 16
dictionary, 29
properties, 180
jboss7.x, 56
redhat, 8
infinispan, 14
tomcat6, 16
mybatis, 159
weblogic-10.x, 15
typehandler, 3
h2, 226
caching, 192
distributed-caching, 4
hazelcast, 63
redirect, 51
iso8601, 3
many-to-many, 21
jamon, 2
project-structure, 2
configuration-files, 25
context.xml, 6
composite-primary-key, 7
jboss, 205
fonts, 8
uitextview, 2
generics, 66
collections, 25
spring-profiles, 72
redis, 245
bean-validation, 102
dao, 49
xslt, 16
gwt, 57
taglib, 15
salesforce, 8
tiles2, 8
map, 5
in-house-distribution, 1
el, 28
php, 78
oop, 16
jquery-autocomplete, 2
frameworks, 12
code-complexity, 2
modelattribute, 17
timer, 5
activiti, 54
arrays, 56
hierarchical-data, 2
slf4j, 111
spring-data-mongodb, 430
springmockito, 10
aopalliance, 2
apache-karaf, 33
blueprint-osgi, 13
wildfly, 97
java-stored-procedures, 3
jenkins, 84
spring-ws, 155
cdi, 38
hibernate-generic-dao, 2
dependency-management, 51
while-loop, 3
apache-poi, 28
commandbutton, 3
viewexpiredexception, 2
string, 22
indices, 1
cas, 78
hierarchy, 3
roles, 11
primitive, 1
tiles, 36
mysql-workbench, 6
jar, 170
uicollectionview, 14
import, 17
dependencies, 93
pom.xml, 127
cassandra, 123
hector, 1
database-integrity, 1
io, 8
tattletale, 1
sql-server, 105
sql-server-2012, 10
rfc, 4
uritemplate, 2
ssl-certificate, 30
hibernate-annotations, 12
uikit-dynamics, 11
highstock, 1
beancreationexception, 12
thread-safety, 14
active-directory, 56
web-deployment, 26
resourcebundle, 12
jmx, 46
mbeans, 10
spring-jmx, 19
optimistic-locking, 5
optimistic-concurrency, 1
notation, 1
haskell, 45
physics, 18
frp, 1
yampa, 1
classcastexception, 24
google-fusion-tables, 1
jasig, 12
spring-security-cas, 8
groovy, 267
load-time-weaving, 24
fuseesb, 9
password-encryption, 10
encryption, 42
bootstrapping, 4
audit-trail, 4
scala, 88
dead-letter, 3
dbunit, 31
ipad, 6
sybase, 7
jasperserver, 10
exception-handling, 116
amazon-web-services, 234
websphere-7, 8
kerberos, 36
spnego, 9
oauth, 162
google-oauth, 12
audit, 12
phone-number, 1
core-telephony, 1
web, 73
dart, 4
dart-webui, 1
google-image-search, 1
classpath, 52
maven-3, 114
hateoas, 42
spring-hateoas, 161
nltk, 4
apache-httpcomponents, 6
shared-libraries, 4
applicationcontext, 92
jvm-arguments, 10
cucumber-jvm, 25
spring-java-config, 226
cometd, 3
install, 8
windows-installer, 3
installshield, 1
installshield-2012, 2
regex, 64
eclipselink, 62
varchar2, 1
ora-12899, 1
hashmap, 13
checkbox, 16
interceptor, 62
spring-ioc, 40
manifest, 10
httpresponse, 13
pojo, 18
datepicker, 4
windows, 37
serial-port, 1
rxtx, 1
variables, 8
dynamic, 9
arraylist, 23
endpoint, 9
facebook, 65
spring-social-facebook, 52
drools, 37
sharding, 3
logback, 214
appender, 8
paypal-adaptive-payments, 1
compression, 8
remoting, 3
jboss5.x, 6
profiles, 6
spring-loaded, 24
tcserver, 8
lua, 7
game-physics, 12
excel, 41
esb, 37
struts, 14
struts-1, 7
debugging, 27
module, 9
filesystems, 5
jpa-2.1, 32
tiles-3, 15
basic-authentication, 35
stack-overflow, 10
upgrade, 16
put, 12
ruby-on-rails, 757
ruby, 390
rspec, 52
ruby-on-rails-4, 120
guard, 18
twitter-bootstrap, 70
mysql-connector, 6
integration-testing, 193
bash, 24
npm, 15
cloudbees, 7
karma-runner, 2
knitr, 3
rstudio, 4
mathjax, 2
r-markdown, 2
load-balancing, 21
xacml, 4
dropzone.js, 5
principal, 2
initialization, 17
second-level-cache, 8
64bit, 1
java-7, 34
soap, 197
xml-namespaces, 12
xmlbeans, 1
richfaces, 7
metrics, 33
struts2-junit-plugin, 4
tagx, 1
maven-compiler-plugin, 7
apache-commons-httpclient, 6
splunk, 5
view-scope, 4
notserializableexception, 2
mapping, 41
git, 82
version-control, 5
version, 14
loops, 8
mule-el, 13
cron, 48
scheduled-tasks, 84
messaging, 29
heroku, 237
alfresco, 46
surf, 2
alfresco-share, 18
spring-surf, 1
request-headers, 1
pre-authentication, 12
jailbreak, 15
lockscreen, 1
tweak, 9
maven-ear-plugin, 1
error-handling, 53
accessibility, 1
wai-aria, 1
wai, 1
jdbc-postgres, 2
eclipse-3.6, 1
helios, 2
unix, 13
count, 2
grep, 3
uidynamicbehavior, 2
uiattachmentbehavior, 2
jooq, 58
jsch, 15
apache-commons-pool, 5
ejb, 29
java-ee-7, 13
capybara, 8
language-agnostic, 4
guice, 24
apache-commons-fileupload, 12
cookies, 67
remember-me, 20
multifile-uploader, 2
url-routing, 3
decoupling, 2
reactor, 15
view, 15
join, 14
hippocms, 7
android-gradle, 34
pagination, 40
operators, 2
addition, 1
subtraction, 1
cypher, 33
design-patterns, 56
linkedin, 6
spring-social-linkedin, 3
velocity, 29
uistoryboard, 2
uistoryboardsegue, 1
uiviewanimationtransition, 2
backbone.js, 13
blueimp, 1
rackspace, 1
failover, 8
spring-dsl, 29
asp.net, 13
ioc-container, 13
wso2, 15
wso2esb, 3
wso2carbon, 3
synapse, 1
cout, 1
jquery-ui, 11
jquery-datatables, 4
resteasy, 41
liferay, 68
portlet, 25
cloudfoundry-uaa, 7
rest-client, 11
derby, 37
classnotfoundexception, 27
cloudfoundry, 73
vmc, 1
atmosphere, 11
playframework-2.0, 19
code-coverage, 8
algorithm, 44
parallel-processing, 20
terminology, 2
distributed-computing, 2
syntax-error, 1
spring-form, 41
tomcat5.5, 2
software-distribution, 2
war, 114
ear, 12
stored-procedures, 51
queue, 14
oracle-aq, 6
pentaho, 14
operation, 1
swagger, 267
swagger-ui, 139
grails-2.0, 39
unmarshalling, 9
bson, 3
isodate, 1
installation, 8
ios6, 1
uiscrollview, 9
memory, 11
garbage-collection, 16
maven-2, 29
wsdl, 54
glassfish, 37
apache-felix, 10
gorm, 101
timezone, 17
dynamic-sql, 1
jmstemplate, 15
tfs, 3
templates, 13
spring-webflow-2, 28
hibernate-session, 8
red5, 10
criteria, 13
mongohq, 1
null, 16
firefox, 5
firefox-addon, 1
xul, 1
apache-commons-logging, 11
log4, 1
stream, 14
nested, 7
marshalling, 10
constructor, 15
grizzly, 4
arabic, 2
url-pattern, 10
core-animation, 12
wso2is, 15
attribute-exchange, 1
myfaces, 9
jobs, 9
shell, 19
dst, 10
data-analysis, 2
cross-validation, 1
moxy, 10
batch-processing, 39
static-resource, 11
asp.net-mvc, 6
asp.net-mvc-3, 1
data-binding, 17
mappingexception, 1
hudson, 2
sonarqube, 38
heroku-postgres, 5
build, 32
android-studio, 42
scheduler, 19
merge, 6
viewparams, 1
overlap, 1
activemq-cpp, 1
weblogic11g, 8
matlab, 28
image-processing, 14
morphological-analysis, 1
mathematical-morphology, 1
multiscaleimage, 1
event-handling, 11
upsert, 2
mongotemplate, 32
cewolf, 1
classloader, 36
javamail, 65
filter, 50
lifecycle, 4
maven-archetype, 7
init.d, 11
sysv, 1
graph, 33
nodes, 6
netlogo, 15
gsp, 10
aggregate, 6
eip, 3
workmanagers, 5
commonj, 4
html-escape, 1
apple-push-notifications, 5
javaapns, 1
apache-wink, 5
apache-wink-spring, 2
spring-mongo, 36
jbpm, 13
jqgrid, 7
aspectj-maven-plugin, 16
urlencode, 3
memory-leaks, 36
xml-attribute, 1
spring-bean, 107
buildpath, 2
java-8, 251
maven-shade-plugin, 16
snapshot, 1
download, 18
cors, 140
url, 43
chunked-encoding, 1
multipartform-data, 84
environment-variables, 34
placeholder, 6
scrollbar, 1
enthought, 2
traitsui, 3
concurrency, 51
fork-join, 3
access-denied, 6
menu, 2
liferay-6, 32
versioning, 5
james, 1
spring-test-dbunit, 18
selenium, 47
object, 9
utf-8, 47
character-encoding, 23
save, 7
stack-trace, 8
flyway, 99
easymock, 6
apacheds, 5
weblogic12c, 60
c, 14
lexical-analysis, 1
ragel, 1
multipart, 53
proguard, 20
noclassdeffounderror, 26
dom, 4
svn, 9
jaxb2, 17
maven-dependency-plugin, 7
crash, 7
sigsegv, 1
apache-httpclient-4.x, 23
soap-client, 21
lazy-initialization, 16
sprite-kit, 15
rsync, 1
abstract-class, 8
database-replication, 3
javaagents, 10
facebook-oauth, 5
eclipse-gemini, 3
accordion, 2
fasterxml, 13
fragment, 2
url-mapping, 5
iphone-privateapi, 3
springboard, 9
batch-insert, 2
google-cloud-datastore, 7
spring-security-ldap, 40
activepivot, 1
xdoclet, 1
ojdbc, 10
interface-builder, 1
switch-statement, 3
python-3.x, 31
runge-kutta, 3
encoding, 35
geotools, 3
permissions, 5
acl, 11
codepro, 1
saxparseexception, 4
windows-server-2003, 1
solrj, 13
jquery-select2, 4
x-editable, 2
apache-commons, 8
spring-io, 16
animation, 55
equation, 2
c++, 46
qt, 6
vector, 3
memory-management, 8
segmentation-fault, 1
orika, 6
list, 29
image, 20
plsql, 7
ftp, 34
github, 29
multi-module, 29
rollback, 9
google-api-java-client, 3
websocket, 242
spring-4, 170
maven-resources-plugin, 4
config, 34
netty, 36
resources, 34
javafx, 49
fxml, 6
connection, 20
spring-data-redis, 121
spring-restcontroller, 171
thrift, 2
ibm-mq, 92
dbobject, 1
sleep, 1
gpars, 1
uicollectionviewlayout, 7
evict, 2
playframework, 44
securesocial, 1
api, 54
wicket-6, 4
gridfs, 8
production-environment, 8
embedded-database, 16
repository, 77
executable-jar, 35
client-side, 4
lan, 1
computer-name, 1
java-5, 2
sequence-generators, 2
restful-authentication, 31
interface, 17
scope, 24
encapsulation, 1
retrofit, 8
surefire, 2
startup, 12
osb, 1
oracle-service-bus, 1
serialversionuid, 1
powerpoint, 3
markdown, 4
beamer, 1
machine-learning, 13
classification, 2
roc, 1
auc, 1
logout, 24
domdocument, 1
rabbitmq, 367
xa, 16
spring-amqp, 307
rollingfileappender, 4
geospatial, 2
spelevaluationexception, 14
game-engine, 4
if-statement, 11
for-loop, 6
arguments, 3
zero, 1
persistence, 42
onclick, 2
mouseevent, 2
file, 54
hibernate-entitymanager, 17
mule-module-jpa, 2
routes, 10
aggregator, 9
enterprise-integration, 8
ejb-3.0, 11
compiler-errors, 11
stomp, 131
spring-messaging, 53
spring-websocket, 268
application-server, 5
weld, 6
random, 5
eclipse-kepler, 5
xcode, 23
visual-studio-2010, 1
cgal, 1
procedure, 1
socketexception, 3
carousel, 2
jcarousel, 1
locale, 11
soapui, 11
jboss-eap-6, 17
wicket, 24
javapns, 1
xml-configuration, 17
format, 5
routing, 18
apache-spark, 79
localization, 22
elasticsearch, 244
logstash, 22
kibana, 4
akka, 22
event-driven-design, 1
project-reactor, 101
favicon, 6
spring-security-acl, 17
max-size, 2
vb.net, 5
visual-studio-2012, 2
class, 15
instance, 2
atomikos, 37
mapreduce, 7
hdfs, 9
yarn, 10
portal, 2
bcrypt, 26
jbcrypt, 1
amazon-sqs, 39
db2, 24
webservicetemplate, 7
driver, 7
maven-tomcat-plugin, 12
embedded-tomcat-7, 23
monads, 7
acceptance-testing, 3
xss, 6
assets, 6
tortoisesvn, 1
springloops, 2
cpu-architecture, 1
cpu-cache, 1
objectify, 4
kundera, 3
spring-gem, 12
cyrillic, 1
rmi, 12
spring-remoting, 10
hook, 1
theos, 8
aspects, 3
amazon-redshift, 6
google-chrome, 16
ms-access, 2
ucanaccess, 3
spring-rabbit, 109
poller, 5
maven-site-plugin, 3
httpinvoker, 4
dispatchertimer, 1
pointcut, 11
column-chart, 1
testng, 56
dynamic-url, 1
log4j2, 147
ubuntu-12.04, 3
innodb, 3
myisam, 1
get, 18
saiku, 4
singleton, 18
request, 24
spring-portlet-mvc, 21
servlet-listeners, 4
settings, 4
nexus, 21
archiva, 4
hibernate-envers, 28
instantiationexception, 1
uisearchbar, 1
uisearchbardisplaycontrol, 1
argonaut, 1
hikaricp, 95
java-ee-web-profile, 2
javafx-2, 4
method-interception, 2
google-maps, 12
geocoding, 1
exec-maven-plugin, 4
coding-style, 3
url-rewriting, 4
tuckey-urlrewrite-filter, 5
http-live-streaming, 1
m3u8, 1
change-password, 1
iterator, 5
uiviewcontroller, 4
uiwebview, 1
uinavigationcontroller, 3
osgi-bundle, 16
spring-data-elasticsearch, 172
algebra, 2
powershell, 4
binary, 2
hex, 1
powershell-v2.0, 1
patch, 2
struts2-spring-plugin, 6
openldap, 11
artifactory, 31
http-status-code-405, 5
cucumber, 44
bitronix, 11
number-formatting, 1
grails-services, 3
codeigniter, 4
mtom, 4
jsf-2.2, 20
mainclass, 1
ws-client, 1
aspect, 19
maven-plugin, 44
fatwire, 2
webcenter-sites, 2
twitter-bootstrap-3, 14
webjars, 13
xaml, 3
windows-phone-8, 2
outputstream, 4
illegalstateexception, 14
entity, 23
spray, 2
hotswap, 7
google-login, 3
mixins, 2
dozer, 15
android-annotations, 14
sbt, 25
sbt-aspectj, 2
hibernate-4.x, 24
eclipse-rcp, 5
eclipse-plugin, 26
passwords, 13
omnifaces, 5
admin, 5
jms-topic, 10
caliper, 1
transactionmanager, 18
geoserver, 10
listview, 5
android-listview, 1
android-arrayadapter, 1
network-programming, 5
bing-api, 1
coupling, 1
tightly-coupled-code, 2
flex, 4
air, 1
graniteds, 1
path, 12
jvm, 40
actionresult, 1
hp-ux, 1
qualifiers, 4
hornetq, 15
deserialization, 22
csrf, 93
csrf-protection, 27
unboundid-ldap-sdk, 5
hibernate-criteria, 11
specs2, 3
applet, 2
spring-mvc-initbinders, 9
r-qgraph, 2
oauth2client, 2
minitest, 16
zeus, 2
rake-test, 1
jrebel, 18
opengraph, 1
open-graph-protocol, 1
performance, 75
checkstyle, 5
findbugs, 5
pmd, 3
tcp, 58
viewstate, 1
flow-scope, 1
webgl, 1
vivagraphjs, 1
google-glass, 1
google-mirror-api, 1
refactoring, 7
ruby-on-rails-3, 19
jmock, 1
amazon-dynamodb, 29
webservice-client, 7
hibernate-search, 32
inject, 13
magento, 6
postgresql-9.1, 5
esper, 1
soapfault, 2
notificationcenter, 1
kie, 7
glassfish-3, 5
parent-pom, 15
warnings, 6
intellij-inspections, 1
tomee, 17
user-registration, 2
cuda, 1
mutex, 1
atomic, 1
jackson-modules, 7
static-content, 7
gzip, 13
cydia-substrate, 2
job-scheduling, 8
multiple-login, 1
datascroller, 1
parameters, 16
jtds, 8
requirejs, 2
spring-oxm, 10
exec, 2
nodeclipse, 1
enide, 1
archetypes, 2
centos6, 4
spring-scheduled, 62
morphia, 7
websphere-6.1, 2
wsadmin, 1
crud, 24
code-injection, 10
open-session-in-view, 5
deployment-descriptor, 1
mqtt, 26
hivemq, 1
solr4, 5
prepared-statement, 6
ltree, 2
csv, 32
rails-spring, 10
requestfactory, 2
many-to-one, 12
spring-cache, 112
runtime-error, 10
bytecode, 9
expression, 6
export, 3
filereader, 3
skip, 3
open-source, 3
macros, 2
text-editor, 1
jhipster, 260
header, 10
file-io, 8
duplicates, 6
form-submit, 4
less, 4
wro4j, 9
executioncontext, 2
custom-validators, 2
jsoup, 5
insert-update, 1
legacy-code, 1
fiddler, 2
waffle, 6
liquibase, 118
broker, 3
high-availability, 7
publish-subscribe, 9
active-directory-group, 1
web-development-server, 3
vfs, 2
databinder, 1
stateless, 8
oracle-type, 1
resolver, 3
jsr, 7
spring-validator, 46
sybase-ase, 3
ibm-rad, 1
wadl, 6
methods, 5
mongodb-java, 24
schedule, 10
isolation, 3
terminal, 11
m2e, 9
mount-point, 1
http-status-code-415, 1
requesthandler, 1
gitignore, 1
ignore, 3
smtp, 21
hibernate-5.x, 58
heap, 4
apache-tomee, 1
synchronization, 3
restful-url, 10
amazon-elasticache, 17
liferay-theme, 1
ibeacon, 1
user-permissions, 5
nsurlrequest, 1
predicate, 7
predicates, 3
lifecycleexception, 3
sockjs, 62
zk, 19
jelastic, 7
jmeter, 16
http-request-parameters, 9
yeoman, 8
breakpoints, 1
session-replication, 3
lombok, 48
push-notification, 9
chat, 5
quickblox, 1
database-schema, 4
mvvm, 2
dwr, 7
amazon-s3, 70
boost, 7
opencv, 12
java-native-interface, 4
playframework-2.2, 5
scikit-learn, 2
svm, 2
libsvm, 1
comparison, 2
service, 35
components, 7
component-scan, 24
data-structures, 8
linked-list, 1
uibutton, 3
badge, 1
resthub, 1
attributes, 4
region, 2
template-engine, 13
mustache, 13
configure, 3
command-line-interface, 8
sum, 3
aggregation, 5
wamp, 2
ksh, 1
closures, 2
event-listener, 5
http-status-code-406, 9
views, 2
root, 4
json-rpc, 2
struts2-json-plugin, 1
openjpa, 9
emailrelay, 1
getter, 3
hql, 54
sigar, 1
video, 7
jwplayer, 1
lazy-evaluation, 4
gitolite, 2
spring-shell, 20
jira-rest-api, 8
karaf, 16
restkit, 1
http-status-code-400, 8
app-store, 3
httpurlconnection, 2
android-networking, 1
http-status-code-401, 10
printing, 3
netezza, 2
websphere-liberty, 44
ibm-jdk, 1
searchable, 2
itext, 4
servlet-2.5, 5
facebook-graph-api, 22
jsessionid, 8
android-asynctask, 3
distributed-transactions, 12
opensocial, 1
ibm-connections, 1
ibm-sbt, 1
switch-user, 1
jxl, 1
appfuse, 7
cross-platform, 2
jboss-4.2.x, 2
lift, 1
emma, 1
dynamic-reports, 1
session-cookies, 8
computer-architecture, 1
synchronous, 1
directory-structure, 3
media-type, 5
apache-tika, 3
inner-join, 5
node.js, 64
single-page-application, 18
nhibernate, 6
mapping-by-code, 1
dataframe, 11
conditional-statements, 1
calculated-columns, 1
ode, 9
numerical-integration, 4
pyqt4, 2
factory, 10
qitemdelegate, 1
linker, 1
logos, 1
gwtupload, 1
bea, 1
ram, 2
release-management, 1
mongodb-query, 37
aggregation-framework, 44
customization, 2
birt, 10
reactive-programming, 57
slowdown, 2
spring-android, 22
jqwidget, 1
edit, 2
option, 1
selected, 1
sequence, 4
slick, 1
play-slick, 1
adaptive-design, 1
llvm, 1
icc, 1
intel-mic, 1
deprecated, 4
amazon, 1
broadleaf-commerce, 18
spring-social-twitter, 12
hover, 2
children, 1
embedding, 1
xstream, 10
jettison, 2
firewall, 1
nat, 1
gnupg, 2
pgp, 3
crontab, 2
batch-file, 15
process, 2
java-home, 2
rad, 2
select, 4
replace, 5
profile, 10
wss4j, 11
packaging, 7
callback, 3
xpath, 18
connection-pooling, 52
ibm-midrange, 3
jt400, 1
jtopen, 1
conversation-scope, 2
ws-security, 13
rampart, 2
soa, 4
development-environment, 4
isolation-level, 6
xubuntu, 1
declarative-services, 1
java-melody, 11
dtd, 4
sorting, 33
amazon-ec2, 51
vaadin7, 28
return, 2
vegan, 2
rda, 1
windows-7, 3
mime-message, 3
classnotfound, 3
elastic-beanstalk, 48
swing, 27
angularjs-ng-repeat, 4
gaussian, 1
psd, 1
azure, 61
javax.imageio, 3
timeout, 25
jmockit, 11
maven-assembly-plugin, 12
jmenuitem, 1
recursion, 8
namespaces, 6
osx-mavericks, 3
symbols, 1
foreach, 7
jasper-plugin, 2
asynccallback, 2
access-token, 14
jaas, 3
createelement, 1
text, 9
iframe, 5
x-frame-options, 5
abstract, 3
draw, 1
gpuimage, 1
puzzle, 1
property-placeholder, 15
optional-parameters, 3
ognl, 4
gemfire, 22
spring-data-gemfire, 20
plot, 19
matlab-figure, 2
figure, 1
ftp-client, 2
virus-scanning, 1
jacoco, 15
struts2-convention-plugin, 6
locking, 9
hal-json, 5
pandas, 37
staging, 1
jedis, 51
rss, 8
priority-queue, 4
kendo-ui, 3
cascadingdropdown, 1
kendo-dropdown, 1
jersey-1.0, 8
request-mapping, 37
gtk, 1
irc, 1
intercept, 1
restlet, 18
restlet-2.0, 3
grails-domain-class, 10
selenium-webdriver, 21
bamboo, 13
inner-classes, 2
javax.mail, 5
geronimo, 1
multiple-databases, 5
pygraphviz, 1
wavemaker, 1
report, 2
ape, 1
sqlexception, 5
reflection, 34
spymemcached, 7
simple-spring-memcached, 7
multi-select, 2
browser-bugs, 1
lyx, 1
mapper, 8
dispatch, 2
prerenderview, 1
xjc, 2
maven-jaxb2-plugin, 8
facescontext, 2
sockets, 43
sql-update, 1
maven-bundle-plugin, 3
liferay-aui, 1
constraints, 10
swt, 1
firebase, 20
uuid, 15
couchbase, 82
spring-data-couchbase, 59
protected, 2
groovy-eclipse, 2
launch, 3
criteria-api, 16
named-query, 6
runtime, 6
large-data, 1
dispatcher, 7
.htaccess, 10
mod-rewrite, 4
xwork, 1
maven-failsafe-plugin, 8
siteminder, 6
illegalargumentexception, 13
etl, 6
tapestry, 4
data-access-layer, 1
teradata, 2
rcurl, 1
rscript, 1
httr, 1
android-linearlayout, 2
owner, 1
url-redirection, 5
angularjs-scope, 7
path-variables, 11
dynamicquery, 2
angularjs-directive, 6
onejar, 1
railsapps, 2
learn-ruby-on-rails, 3
google-authentication, 2
tcpserver, 1
fatal-error, 1
yaml, 106
libgdx, 8
spork, 3
heap-memory, 7
xms, 1
amazon-ses, 6
jointable, 2
mom, 1
embed, 1
spring-retry, 55
code-generation, 3
cascade, 6
dynamic-jasper, 1
spring-modules, 2
zend-framework, 1
enunciate, 3
center, 1
async.js, 1
console, 15
jdb, 1
passenger, 5
avcapturesession, 1
seo, 4
breadcrumbs, 2
rich-snippets, 1
rdfa, 1
google-rich-snippets, 1
recaptcha, 6
ubuntu-10.04, 1
amf, 1
session-variables, 4
famo.us, 4
activerecord, 11
sqlite, 33
ggplot2, 16
melt, 1
sidekiq, 4
pusher, 1
firebird, 10
zendesk, 1
mysql-cluster, 2
connector-j, 1
standards, 1
jaspic, 2
azure-sql-database, 3
java-stream, 20
knockout.js, 5
hbm2ddl, 4
sdk, 4
rename, 2
cognos, 1
abstractmethoderror, 2
itmstransporter, 1
computer-vision, 5
cloud, 27
libtorrent, 1
libtorrent-rasterbar, 1
rvm, 11
command-line-arguments, 5
external-process, 1
xhtml, 3
snakeyaml, 7
statistics, 4
window, 2
resultset, 3
compilation, 10
content-type, 10
nosql, 17
maven-surefire-plugin, 17
clob, 4
jconsole, 3
hang, 1
yeoman-generator, 1
boolean, 6
stored-functions, 2
jboss6.x, 8
mahout, 2
managed-bean, 6
dropwizard, 20
deadlock, 5
self-signed, 6
session-management, 9
sass, 10
grails-validation, 1
autologin, 1
saml, 62
pingfederate, 3
point, 3
alpha, 1
shiny, 5
maps, 3
choroplethr, 1
sandbox, 3
mule-cluster, 3
migration, 18
treenode, 1
treetable, 1
port, 15
embedded-tomcat-8, 49
undertow, 24
maven-war-plugin, 8
casting, 6
uri, 9
instagram, 2
functional-programming, 5
type-systems, 1
type-theory, 1
operating-system, 1
castor, 4
mvp, 1
vaadin4spring, 21
validationerror, 1
gem, 32
flush, 2
offloading, 1
cloudamqp, 2
sublimetext2, 2
sublimetext, 1
sublimetext3, 3
ruby-test, 1
marklogic, 4
digital-signature, 3
robolectric, 3
google-cloud-messaging, 3
jquery-validate, 1
recurring-events, 1
flow, 2
julia, 1
spring-data-hadoop, 9
api-doc, 2
maven-jetty-plugin, 12
rubygems, 71
ruby-on-rails-4.1, 3
datatables, 24
skphysicsbody, 5
jquery-mobile, 3
spring-mobile, 6
nio, 8
canopy, 1
full-text-search, 3
openmp, 2
histogram, 3
lbph-algorithm, 1
underscore.js, 3
backbone-views, 2
underscore.js-templating, 1
parameter-passing, 4
google-plus, 1
spring-social-google, 6
debian, 6
font-size, 1
mit-scheme, 1
edwin, 1
wordpress, 17
woocommerce, 4
woothemes, 1
ad-hoc-distribution, 1
buildconfiguration, 2
xcode-scheme, 1
htmlunit, 5
rest-assured, 33
sphinx, 1
intellij-13, 3
java-time, 17
kdc, 1
rake, 17
primefaces-extensions, 1
dynamic-attributes, 1
jetbrains-ide, 2
post-processing, 3
usertype, 3
typhoon, 1
atlassian-plugin-sdk, 11
out-of-memory, 15
gigaspaces, 1
sink, 1
factory-bot, 6
playframework-2.3, 7
wpf, 3
iso, 1
ldapconnection, 1
containers, 11
guava, 31
xmltable, 1
javac, 7
metamodel, 1
registration, 2
continuous-integration, 16
code-analysis, 1
google-cloud-endpoints, 2
camera, 1
perspectivecamera, 1
web-audio, 3
getusermedia, 1
recorder.js, 1
iwa, 1
domain-driven-design, 16
permgen, 3
gwt-rpc, 2
openmeetings, 1
username, 1
unity3d, 17
rigid-bodies, 2
dandelion, 10
wildfly-8, 28
extjs4, 1
store, 2
global, 1
dsl, 32
openwebbeans, 1
worklight-security, 1
taxonomy, 1
matrix, 7
tf-idf, 1
android-testing, 1
itemprocessor, 1
cdn, 2
azure-cdn, 1
idempotent, 2
frontend, 8
xml-serialization, 1
perl, 10
calendar, 3
metaprogramming, 1
icalendar, 2
pkcs#12, 1
http-conduit, 1
base64, 6
entity-framework, 8
input, 7
maven-module, 3
content-security-policy, 4
nested-exceptions, 1
smooks, 1
resource-leak, 2
file-monitoring, 1
target, 1
master-slave, 3
identity, 3
subreport, 1
nosuchmethoderror, 16
flexjson, 2
catalina, 9
hybris, 38
django, 7
reverse, 2
procrun, 3
jaxbelement, 2
commit, 4
faces-config, 2
backend, 12
web-scripting, 1
sms, 4
swift, 70
facebook-pop, 17
ios8, 7
xcode6, 7
oc4j, 2
dto, 16
datediff, 1
mockmvc, 88
sharepoint, 3
caml, 1
reply, 2
devise, 42
dbref, 2
jsonidentityinfo, 2
profiling, 6
performance-testing, 7
android-espresso, 5
angular-http-interceptors, 1
bpmn, 15
scaffolding, 2
hibernate-tools, 3
serializer, 2
ini, 1
ios-simulator, 3
rspec-rails, 6
rspec3, 2
linuxmint, 1
rake-task, 1
threadpool, 19
multicast, 2
database-metadata, 2
omniauth, 2
rails-console, 6
jtextarea, 1
swingworker, 1
jprogressbar, 1
phaser, 1
fabric8, 12
ldif, 4
adt, 2
webrick, 2
jtable, 3
uidynamicanimator, 4
database-migration, 13
cloudinary, 1
xml-parsing, 10
sax, 3
stax, 4
user-experience, 1
opensaml, 16
build.xml, 1
networking, 11
google-analytics, 7
e-commerce, 2
google-tag-manager, 1
google-datalayer, 1
block, 1
building, 2
blackboard, 1
securitymanager, 1
database-deadlocks, 1
jsr356, 4
test-environments, 1
documentation, 9
schema, 11
sha, 2
menuitem, 1
mule-component, 25
aws-opsworks, 1
jira, 14
jira-rest-java-api, 5
jquery-file-upload, 6
iso8583, 2
jpos, 4
spring-data-cassandra, 114
centos, 2
native-methods, 1
jwt, 154
oxm, 2
java-io, 3
credentials, 5
informix, 8
bundler, 31
activesupport, 3
bind, 4
rewrite, 1
confluence, 13
confluence-rest-api, 3
keytab, 3
main, 5
mq, 8
command, 2
xmlsec, 2
response.redirect, 1
pop3, 3
grails-controller, 7
volatile, 1
long-polling, 4
javassist, 10
constructor-injection, 7
spdy, 1
quickbooks, 1
intuit-partner-platform, 2
quickbooks-online, 3
intuit, 1
user-roles, 5
propertyconfigurator, 1
ui-automation, 1
servletexception, 2
mongo-java, 4
token, 19
spring-security-test, 8
comparator, 3
hana, 4
gemfile, 20
consistency, 2
erb, 1
elasticsearch-jdbc-river, 1
memcached, 16
spring-2.5, 5
capistrano3, 6
puma, 9
reloading, 1
apache-kafka, 312
capistrano, 9
gradle-shadow-plugin, 2
spring-groovy-config, 2
oracle-spatial, 2
grid, 1
action, 3
eclipse-luna, 7
dplyr, 10
linq, 3
cassandra-2.0, 4
reboot, 1
privilege, 1
corona, 2
mybatis-generator, 3
src, 1
bouncycastle, 7
socket-timeout-exception, 2
nsuserdefaults, 1
google-api, 7
freebase, 1
mql, 1
required, 1
getparameter, 1
equals, 2
hashcode, 1
simplesamlphp, 2
converter, 19
afnetworking-2, 2
webdriver, 2
html-form, 1
logfiles, 1
d3.js, 10
voronoi, 1
spatial-index, 1
workflow, 8
ws-reliablemessaging, 3
axiom, 3
environment, 4
microservices, 200
circular-reference, 4
executorservice, 12
executor, 5
erlang, 3
ejabberd, 1
cql3, 2
ibm-cloud, 28
aries, 4
marker-interfaces, 2
sling, 3
numpy, 19
qt4, 3
jsonpath, 13
requestdispatcher, 2
layout-manager, 1
checkboxlist, 1
spring-environment, 8
paperclip, 6
scalability, 4
google-cloud-sql, 15
notnull, 2
consumer, 5
scipy, 5
anormcypher, 1
has-many-through, 1
functional-testing, 4
picketlink, 2
image-uploading, 8
stereotype, 1
android-ndk, 2
radio-button, 4
spring-tld, 1
leaflet, 3
behaviorspace, 1
cashapelayer, 5
ws-trust, 3
maven-antrun-plugin, 3
maven-lifecycle, 1
gruntjs, 8
browserify, 2
servletcontextlistener, 8
type-conversion, 9
verifyerror, 2
bytearray, 2
ggts, 6
chunking, 1
events, 15
scatter, 1
dns, 4
injectable, 1
openmq, 2
camel-ftp, 8
propagation, 2
search, 7
partial-page-refresh, 1
private-pub, 1
dvcs, 1
branching-and-merging, 1
url-encoding, 6
http-basic-authentication, 7
monitoring, 10
uilocalnotification, 1
dry, 1
font-face, 2
one-to-many, 29
contentpane, 1
eventhandler, 2
file-not-found, 1
drag-and-drop, 4
adfs, 11
webhdfs, 2
vagrant, 10
virtualbox, 3
jstack, 1
document-management, 1
in-memory-database, 9
autoboxing, 1
asp.net-mvc-4, 1
httprequest, 22
thread-local, 4
sql-server-2008, 8
spring-insight, 3
playframework-2.1, 2
datastax, 9
wagon, 1
jsse, 2
projection, 10
wsdl2java, 3
triggers, 4
nonblocking, 6
akka-persistence, 1
bigdecimal, 4
dashboard, 2
protocol-buffers, 12
objenesis, 1
obfuscation, 8
deobfuscation, 1
popup, 2
data-masking, 1
literals, 1
pre, 1
worklight-studio, 3
worklight-server, 2
worklight-console, 1
http-method, 1
handshake, 1
parent-child, 5
math, 11
uigesturerecognizer, 3
uriencoding, 1
binding, 8
wss, 2
seam, 2
worklight-runtime, 1
message, 11
mdp, 1
hibernate-ogm, 4
sql-delete, 1
cloudcontrol, 1
hotdeploy, 3
submit, 2
business-logic, 2
mongoid, 5
bytebuffer, 1
jar-with-dependencies, 4
xls, 1
chef, 3
log4jdbc, 3
inspection, 1
ioexception, 4
centos6.5, 1
sonatype, 4
reconnect, 3
impersonation, 3
http-status-code-504, 1
space, 1
head, 1
android-windowmanager, 1
grape, 2
ssh, 20
single-responsibility-principle, 2
object-oriented-analysis, 1
webharvest, 1
styles, 1
dialog, 1
factory-pattern, 6
one-to-one, 6
mach-o, 1
darwin, 4
mercurial, 1
branch, 1
bitbucket, 8
reload, 2
grails-2.4, 9
reverse-proxy, 13
repository-pattern, 7
http-status-codes, 7
string-matching, 2
hawtio, 8
riak, 2
uml, 3
ember.js, 7
ember-data, 4
vtiger, 1
graph-traversal, 1
optaplanner, 3
strong-parameters, 1
spring-session, 127
carrierwave, 11
fog, 5
css-transitions, 5
transition, 4
framerjs, 3
usergrid, 1
json-view, 3
turbolinks, 5
transform, 2
active-model-serializers, 2
autofac, 1
svg, 12
curve, 1
bezier, 2
functor, 2
applicative, 2
symbolic-math, 2
html-table, 2
jaybird, 8
okhttp, 7
dreamhost, 1
fastcgi, 1
multiprocessing, 1
paging, 4
scroll-paging, 1
foreign-keys, 10
fixtures, 1
foreigner, 1
docker, 446
ibm-was, 4
spring-data-commons, 8
android-activity, 1
parcelable, 1
ajp, 3
jsvc, 1
samba, 1
apache-commons-vfs, 2
mapfish, 1
swagger-maven-plugin, 8
guice-persist, 1
animatewithduration, 1
xcode6-beta7, 1
pf4j, 2
lisp, 3
apache-cloudstack, 1
thread-dump, 1
liferay-hook, 1
android-animation, 4
hardware-acceleration, 1
facebook-messenger, 1
graphics, 3
polygon, 2
computational-geometry, 6
triangulation, 1
2d, 1
qml, 4
dependency-properties, 2
couchdb, 2
go, 5
sqlresultsetmapping, 4
matlab-cvst, 1
stereo-3d, 1
stereoscopy, 1
cucumber-junit, 8
visualvm, 2
udp, 9
gimbal, 1
asset-pipeline, 10
sprockets, 3
jetty-9, 12
tld, 3
google-contacts, 1
powershell-v3.0, 1
netbeans-8, 9
soapheader, 3
nlp, 5
travis-ci, 19
bintray, 2
formatter, 1
smartcard, 3
hce, 1
acr122, 1
date-formatting, 2
httpwebrequest, 1
spring-aspects, 19
maven-source-plugin, 1
memory-limit, 1
bpm, 7
database-performance, 5
replication, 5
visual-studio-2013, 1
localhost, 6
sitecore, 2
project, 5
mongorepository, 13
cassandra-cli, 1
staledataexception, 1
google-apps-script, 3
google-sheets, 2
google-form, 1
skphysicsjoint, 3
bad-request, 7
message-driven-bean, 2
jboss-mdb, 1
static, 6
apr, 1
hibernate-filters, 1
x509certificate, 10
ajaxform, 1
federated-identity, 2
openssl, 6
automation, 11
solaris, 2
quickfix, 1
directive, 1
left-join, 1
splitter, 6
cmis, 5
springockito, 4
sencha-touch-2, 1
drools-guvnor, 2
amazon-rds, 17
xdocreport, 1
xdoc, 1
requestcontext, 1
atlassian-crowd, 5
readlines, 1
model, 6
jboss-logging, 4
bounce, 2
easing-functions, 1
velocity.js, 2
build-script, 2
symfony, 4
fork, 1
mode, 2
hypermedia, 6
uploading, 1
certificate, 5
criteriaquery, 1
x509, 10
oracle-xe, 1
shoulda, 3
autocomplete, 7
facebook-javascript-sdk, 2
windows-8.1, 2
http-status-code-403, 7
userdetailsservice, 7
filenotfoundexception, 10
buildpack, 4
kotlin, 255
git-branch, 1
undefined, 4
google-maps-api-3, 6
boxplot, 3
html5-appcache, 1
impala, 1
fortran, 3
gfortran, 1
prng, 1
fortran-common-block, 1
assertions, 1
export-to-excel, 4
insert, 4
include, 3
naming-conventions, 5
jvisualvm, 2
installation-package, 1
maven-install-plugin, 1
hide, 3
scaffold, 1
iso-8859-1, 3
jmf, 1
spring-cloud, 790
genericdao, 2
response, 14
enumeration, 2
assertion, 1
naming, 6
maven-release-plugin, 4
scalatra, 2
sbt-assembly, 4
gwtmockito, 1
visualization, 5
casbah, 1
jscience, 1
failed-installation, 1
xmlnode, 1
xmltextreader, 1
keyboard, 3
netflix-zuul, 176
codeship, 1
twitter4j, 3
ddl, 4
reusability, 1
hystrix, 92
tasklet, 2
probability, 2
bioinformatics, 2
rosalind, 2
httpsession, 8
assert, 2
maven-profiles, 7
ebay, 1
jssor, 1
formula, 2
desktop-application, 2
cobertura, 6
coveralls, 1
utc, 3
timezone-offset, 1
video-streaming, 9
html5-video, 2
gemfile.lock, 6
oci8, 1
srp-protocol, 1
ftp-server, 1
socks, 2
position, 1
service-layer, 2
rubymine, 5
bootstrap-sass, 2
xml-validation, 5
structure, 3
executable, 3
subquery, 2
alias, 1
trend, 1
gaps-in-data, 1
rack-pow, 1
delphi, 12
spring4d, 11
ruby-2.1, 1
autobahn, 2
webrtc, 4
video-conferencing, 1
optimization, 9
ssis, 2
shibboleth, 10
stripes, 1
updates, 4
jdo, 2
redislabs, 1
artifacts, 1
maven-metadata, 2
collision-detection, 3
physics-engine, 5
system-tray, 1
headless, 3
internal-server-error, 3
system-properties, 4
content-negotiation, 3
payment-gateway, 4
mobile-application, 3
payment-processing, 1
m2e-wtp, 3
coldfusion, 3
coldfusion-9, 1
coldspring, 2
yacc, 1
lex, 1
ply, 1
polymer, 6
awk, 5
sed, 7
case, 1
hipchat, 1
client, 8
signals, 1
servicestack, 1
notifications, 4
override, 4
cloud9-ide, 5
buildconfig, 1
stanford-nlp, 4
game-development, 1
specifications, 5
ora-00911, 1
stormpath, 14
invocationtargetexception, 1
jena, 1
tdb, 1
hive, 11
hcatalog, 1
rendering, 4
wkhtmltopdf, 4
polynomials, 1
pie-chart, 1
resin, 3
scheme, 2
racket, 4
simple-form, 1
formtastic, 1
qa, 1
lambda, 28
etag, 3
windows-phone-8.1, 1
c#-5.0, 1
google-compute-engine, 8
graph-databases, 10
hyperjaxb, 3
user-defined-types, 2
netbeans-7, 1
netbeans-platform, 1
netbeans-plugins, 1
opengl, 2
slick2d, 1
ireport, 1
intellij-14, 13
google-play-services, 3
exceptionhandler, 11
jbossfuse, 32
jgroups, 3
unauthorized, 3
newrelic, 6
ipython, 2
subclass, 1
specialization, 1
scenekit, 4
scala-ide, 1
filtering, 2
signal-processing, 1
fft, 3
wpdb, 2
tabs, 2
tree, 9
date-format, 3
health-monitoring, 12
readline, 1
pry, 2
gcloud, 6
yahoo-finance, 1
jsonp, 5
software-design, 4
db2-400, 2
multimap, 2
instanceof, 1
airbrake, 2
postgis, 14
scribe, 3
hibernate-onetomany, 8
printstream, 1
compatibility, 5
angular-ng-if, 1
camunda, 31
searchable-plugin, 1
audiounit, 1
equalizer, 1
uipopovercontroller, 1
autoresizingmask, 2
tomcat-jdbc, 7
ubuntu-14.04, 11
compare, 2
equality, 1
processing, 4
xml-signature, 1
user-agent, 1
partitioning, 4
micro-optimization, 1
debug-mode, 1
scheduling, 6
hijri, 1
umalquracalendar, 1
compound-key, 1
gradle-tomcat-plugin, 1
progress-bar, 1
jstree, 1
postman, 31
tesseract, 4
maven-reactor, 2
masking, 1
jline, 2
cep, 1
drools-flow, 1
wurfl, 1
web-application-design, 2
postconstruct, 10
compile-time-weaving, 4
rdf, 4
sparql, 5
audio, 4
socket.io-java-client, 1
arduino, 1
convention, 1
rhamt, 1
yo, 1
bai2, 1
session-scope, 5
sample, 2
css-position, 1
data-visualization, 3
java-6, 5
nsis, 1
memory-pool, 1
metaspace, 3
google-custom-search, 1
nsview, 1
nashorn, 6
javafx-8, 5
acts-as-audited, 1
tdd, 8
crawler4j, 1
production, 4
hash, 5
webdeploy, 1
recompile, 1
jtwig, 2
types, 4
ruby-on-rails-4.2, 14
file-locking, 1
fortify, 2
java-ws, 1
netflix, 42
orientdb, 8
tinkerpop, 2
tinkerpop-blueprint, 2
tinkerpop-frames, 1
httpwebresponse, 1
typescript, 35
prettyfaces, 4
static-methods, 4
stream-processing, 1
xvfb, 1
quick-search, 1
volume, 1
buffering, 1
worker, 1
appassembler, 3
annotation-processing, 6
facet, 4
discovery, 3
dspace, 8
apache-cocoon, 1
netflix-eureka, 229
nokogiri, 4
equinox, 1
integer, 1
xmlhttprequest, 8
xacml3, 2
alfa, 1
web-architecture, 1
servlet-container, 1
bdd, 9
concordion, 2
manual-testing, 1
tweenmax, 1
gsap, 1
tibco-rv, 2
apache-commons-config, 3
cocoa, 1
digital-ocean, 6
mime-types, 3
netflix-feign, 44
runtimeexception, 4
zurb-foundation, 4
primary-key, 5
auto-increment, 4
setter, 1
jsonresponse, 2
togglz, 6
whenever, 2
http-delete, 3
sicp, 2
http-accept-header, 3
multitasking, 2
propertynotfoundexception, 1
cluster-analysis, 4
asynchttpclient, 1
linkageerror, 2
mariadb, 23
okta, 16
truststore, 4
custom-error-pages, 2
apache-commons-io, 2
assembly, 3
gdb, 1
nasm, 1
spatial, 4
dot, 1
neato, 1
create-table, 2
dropbox, 1
status, 2
withings, 1
sni, 1
absolute-path, 1
opensso, 1
facebook-social-plugins, 1
teamcity, 6
private-key, 3
modelica, 4
dymola, 1
mojarra, 3
environments, 1
server, 30
tmp, 1
jna, 4
aix, 2
delphi-xe7, 2
list-comprehension, 2
post-redirect-get, 2
host, 4
s-expression, 1
business-intelligence, 1
httpbuilder, 3
outlook, 2
delphi-mocks, 1
asynccontroller, 1
tablemodel, 1
unresolved-external, 1
zip, 8
zipoutputstream, 1
internet-explorer-8, 4
testcase, 3
express, 7
meteor, 2
sails.js, 1
jetty-8, 2
jaxb-xew-plugin, 1
external, 1
password-recovery, 1
authentication-flows, 1
jvm-hotspot, 3
android-5.0-lollipop, 2
sql-injection, 4
akka-cluster, 4
akka-remote-actor, 1
polymorphism, 7
tyrus, 3
transitions, 1
blueprint, 4
truncated, 1
liquibase-hibernate, 15
soapserver, 1
rails-activerecord, 4
apache-zookeeper, 23
producer-consumer, 2
concurrentmodification, 2
interbase, 1
gwtp, 1
boilerplate, 2
form-for, 1
azure-web-sites, 3
cleardb, 2
imagemagick, 4
amazon-elb, 4
spree, 15
railstutorial.org, 17
sesame, 2
pdfbox, 2
build-tools, 1
transformation, 2
spark-java, 4
charts, 3
memory-leak-detector, 1
shutdown, 5
neo4j.rb, 1
dockerfile, 43
hamming-distance, 1
spark-streaming, 9
actionlistener, 3
timestamp, 10
spring-rest, 146
encodeuricomponent, 1
jsqmessagesviewcontroller, 5
uiimage, 2
uiimagepickercontroller, 1
grails-maven, 1
unbind, 1
amazon-elastic-beanstalk, 16
workbench, 1
content-management-system, 4
java-api, 2
composite-component, 2
ctags, 1
exuberant-ctags, 1
dart-polymer, 1
reference, 2
sdl, 1
jsonschema, 5
javax.xml, 3
icefaces-3, 2
xerces, 5
fluent-nhibernate, 1
discriminator, 2
jsmpp, 1
webfaction, 1
hyperlink, 3
glyphicons, 1
uialertview, 1
uialertcontroller, 1
default, 2
turbine, 19
grails-3.0, 58
findby, 3
decorator, 2
myeclipse, 1
gvnix, 5
cancan, 1
raspberry-pi, 7
raspbian, 2
gpio, 1
griffon, 1
logstash-grok, 7
owl, 1
protege, 1
syntax, 5
extends, 2
function, 10
conditional-operator, 1
universal-analytics, 1
activesupport-concern, 1
future, 5
http-headers, 24
pgbouncer, 1
imap, 4
spree-paypal-express, 1
spreedly, 1
oauth-provider, 1
federation, 2
rabbitmq-shovel, 2
promise, 4
q, 1
jboss-arquillian, 6
guice-3, 2
code-signing, 1
refresh, 4
webserver, 4
web-fragment, 4
xfire, 1
hudson-plugins, 1
cqlsh, 1
cassandra-2.1, 3
flot, 2
titan, 3
ratpack, 4
jacoco-maven-plugin, 6
angular-ui-router, 8
navigation, 2
datastax-java-driver, 10
actionscript-3, 1
flash, 2
loader, 1
uinavigationbar, 1
roo, 6
prototype, 6
proxypass, 3
handlerexceptionresolver, 1
browser-sync, 1
odata, 3
spotlight, 2
cursor, 2
dmi, 1
http-redirect, 1
forkjoinpool, 2
etcd, 1
pid, 4
maven-central, 2
segue, 1
osx-yosemite, 2
ruby-2.2, 1
node.js-stream, 1
graphaware, 6
message-listener, 2
durable-subscription, 2
elasticsearch-plugin, 4
xmlmapper, 2
keystore, 14
ambiguity, 1
composite-key, 4
all-delete-orphan, 1
credential-providers, 1
websphere-portal, 2
backgrid, 1
web-config, 4
servlet-3.1, 3
event-dispatch-thread, 1
glassfish-4.1, 4
automated-tests, 16
editor, 3
eclipse-emf, 1
emf, 1
eclipse-emf-ecore, 1
grails-config, 1
numerical, 1
magnolia, 5
dalvik, 2
android-package-managers, 1
bytecode-manipulation, 1
visual-studio, 2
springjunit4classrunner, 11
liferay-service-builder, 4
rails-api, 2
dll, 5
gtkmm, 1
graph-algorithm, 3
role-base-authorization, 2
gretty, 6
openjdk, 3
multi-project, 4
csom, 1
sharepoint-online, 1
hessian, 1
pax-web, 1
url-parameters, 1
wildcard-mapping, 1
wso2-am, 5
roboguice, 1
robolectric-gradle-plugin, 1
bulk, 1
consuming, 1
static-analysis, 2
jdk1.6, 1
asyncfileupload, 1
owasp, 6
thucydides, 1
fullcalendar, 4
conditional, 5
spring-properties, 21
passport.js, 2
channel, 4
geb, 6
tibco-ems, 5
system-rules, 2
ansi-colors, 1
formatting, 2
default-method, 1
google-bigquery, 1
xml-dtd, 1
openam, 4
cache-control, 5
sencha-architect, 1
gitlab, 8
decode, 3
onion-architecture, 1
apache-curator, 3
mbeanexporter, 2
complexity-theory, 1
factorial, 1
recurrence, 1
soft-delete, 1
sdl-2, 1
softbody, 3
code-completion, 1
configurationproperty, 3
jca, 1
gatling, 5
twitter-oauth, 5
addressing, 1
special-characters, 2
instantiation, 3
rails-migrations, 3
jquery-select2-4, 1
dojo, 1
dojox.grid, 1
pentaho-cde, 2
threadpoolexecutor, 17
android-fragments, 2
hibernate3, 5
manifest.mf, 3
facesservlet, 1
jspx, 3
fetch, 6
pundit, 1
traversal, 1
docker-compose, 116
spring-cloud-config, 170
dom4j, 3
ordinal, 1
handler, 1
cloudera-manager, 3
cloudera-quickstart-vm, 2
cross-compiling, 1
subscribe, 1
application.cfc, 1
coldfusion-11, 1
java.util.concurrent, 4
xwiki, 1
spree-auth-devise, 1
custom-post-type, 1
permalinks, 1
custom-taxonomy, 1
javascript-events, 1
hibernate-native-query, 1
actioncontext, 1
domain-object, 2
haproxy, 2
git-fork, 2
synchronized, 5
mutation, 5
tomography-reconstruction, 1
spring-data-neo4j-4, 95
rails-admin, 2
morris.js, 1
spring-security-rest, 24
image-segmentation, 3
imagej, 1
waterfall, 1
watershed, 2
reactjs, 135
reactjs-flux, 2
nested-function, 1
mod-jk, 1
google-oauth2, 8
oltu, 3
axlsx, 1
transfer, 1
cardlayout, 1
sonarqube-4.5, 1
mkdirs, 1
server-push, 1
jdeveloper, 3
hybrid-mobile-app, 3
oracle-adf-mobile, 1
oracle-maf, 3
jsonobject, 2
message-digest, 1
nsmutablearray, 1
nsmutabledictionary, 1
xsi, 4
restart, 2
grails-platform-core, 1
gulp, 7
afnetworking, 2
nsurlcredential, 2
filewriter, 1
spring-rabbitmq, 111
scaldi, 1
haversine, 1
eai, 1
long-integer, 2
egit, 2
sqoop, 2
restriction, 1
avl-tree, 2
distributed-filesystem, 1
double-underscore, 1
haml, 1
twitter-gem, 1
nested-resources, 1
typesafe-activator, 2
flux, 6
linear, 2
convolution, 2
office365, 3
unixodbc, 1
angular-template, 3
bootbox, 1
publish, 4
outbound, 4
boot2docker, 4
replicaset, 2
facebook-login, 3
linux-kernel, 1
kernel, 1
entity-framework-6, 1
spring-web, 94
downloadfile, 2
spring-security-kerberos, 13
artifact, 4
cargo, 2
shoes, 1
empty-list, 2
asp.net-web-api2, 3
dotcms, 1
esapi, 6
ionic-framework, 4
oval, 3
windows-1252, 1
rotation, 1
numerical-methods, 1
browser, 9
neo4j-spatial, 3
odbc, 1
jts, 2
modularity, 1
gettext, 1
coq, 1
modelandview, 4
widget, 1
springfox, 127
mina, 2
cryptojs, 2
subdomain, 3
asp.net-web-api, 2
asp.net-mvc-5, 4
sqlanywhere, 1
mv, 1
controllers, 2
application-settings, 1
geode, 8
vba, 4
save-as, 1
asset-sync, 1
ip, 2
ip-address, 1
child-nodes, 1
preconditions, 1
sakai, 3
model-binding, 1
unity-container, 1
owin, 1
hdiv, 3
static-files, 1
json-web-token, 2
spring-mongodb, 28
activemessaging, 1
rails-engines, 1
continuous-deployment, 5
stompjs, 6
multiple-repositories, 1
xmpp, 9
smack, 5
bluetooth, 2
dropbox-api, 1
encryption-symmetric, 2
paho, 9
inputstream, 8
dex, 1
session-state, 3
jquery-plugins, 2
soaplite, 1
rbenv, 8
method-signature, 1
whenever-capistrano, 1
error-correction, 1
galois-field, 1
reed-solomon, 1
databricks, 1
lemmatization, 1
mongodb-indexes, 2
staleobjectstate, 2
angular-promise, 2
j-security-check, 1
jcifs, 2
sqldatasource, 1
dockerhub, 1
amazon-ecs, 11
ec2-container-service, 2
heroku-toolbelt, 2
bugsnag, 1
delphi-xe2, 1
zlib, 1
two-factor-authentication, 2
downcast, 1
keycloak, 90
python-3.4, 1
unityscript, 1
rockset, 1
modelmapper, 10
spring-cloud-connectors, 4
motion-planning, 1
programming-languages, 1
real-time, 1
openmdao, 1
time, 6
nsdate, 1
nscalendar, 1
catransform3d, 1
createcriteria, 1
correlation, 3
javacompiler, 2
gvnix-es, 1
realm, 2
expired-sessions, 2
betamax, 2
struts-action, 2
illegalaccessexception, 2
jsr352, 4
jspdf, 2
jslint, 1
react-rails, 4
scriplets, 1
mosquitto, 2
minify, 4
application-shutdown, 4
transaction-isolation, 2
spring-mybatis, 50
jbutton, 3
jcombobox, 2
pointers, 2
c++11, 4
snmp, 3
single-quotes, 1
event-bubbling, 1
dart-html, 1
state, 5
spring-statemachine, 29
corruption, 1
axis-labels, 2
google-places-api, 1
photos, 1
minimagick, 4
setuptools, 1
logback-groovy, 5
simulation, 2
solidworks, 1
finite-element-analysis, 1
stress, 1
interpolation, 3
string-interpolation, 2
categorical-data, 1
time-wait, 1
soap1.2, 1
fuse, 1
spring-json, 3
jnlp, 4
emoji, 1
java-web-start, 3
yield, 2
shape, 1
hal, 8
service-discovery, 19
recreate, 1
wireshark, 1
wireshark-dissector, 1
cytoscape.js, 2
dagre, 1
heritrix, 2
indexoutofboundsexception, 4
mixed, 1
zurb-foundation-5, 1
fedora-commons, 2
ng-repeat, 2
swagger-2.0, 75
cross-domain, 10
jolokia, 3
client-certificates, 4
geoip, 1
freegeoip, 1
gis, 4
wms, 1
alignment, 2
toolbar, 1
rails-activejob, 1
vertica, 1
typeahead, 1
graphite, 4
jira-plugin, 8
canvas, 6
fabricjs, 1
core, 1
ovh, 1
advanced-search, 1
text-mining, 1
compile-time, 2
datamapper, 1
escaping, 3
connector, 2
simulink, 1
multidimensional-array, 4
conways-game-of-life, 1
convex-hull, 1
angularjs-forms, 1
reentrantlock, 1
nunit, 1
munit, 9
variadic-functions, 1
programmatic-config, 3
execution, 1
jython, 2
query-builder, 1
redis-sentinel, 5
canvasjs, 1
detachedcriteria, 1
http-caching, 2
logfile, 1
webview, 3
form-parameter, 1
contextpath, 6
abstract-syntax-tree, 2
correlated-subquery, 1
faceted-search, 1
openair, 1
ff4j, 5
append, 1
responsive-design, 2
sqlcode, 1
jcache, 9
acts-as-taggable-on, 2
pretty-print, 2
jtree, 1
google-maps-markers, 1
apache-spark-sql, 9
spring-boot-actuator, 208
webservices-client, 1
amazon-sns, 6
stateful-session-bean, 1
pax-exam, 1
pouchdb, 1
spacing, 1
payment, 1
hsts, 2
react-native, 65
kafka-consumer-api, 51
phpmyadmin, 2
spagobi, 1
couchbase-view, 1
trailing-slash, 1
androidasync-koush, 1
savepoints, 1
angularjs-http, 2
youtube, 2
undo-redo, 1
codahale-metrics, 6
crash-shell, 2
sikuli, 2
unsatisfiedlinkerror, 2
atlassian-crucible, 1
compiler-optimization, 1
jit, 2
virtual-functions, 1
crtp, 1
scapy, 1
wait, 1
notify, 1
icu, 1
compass, 2
consul, 39
filenet-p8, 2
filenet-content-engine, 1
grails-2.1, 1
bufferedimage, 1
sql-view, 1
viewrendering, 1
byebug, 1
struts2-config-browser, 1
couchbase-java-api, 5
stringbuilder, 1
p6spy, 4
pdf-generation, 4
g-wan, 1
maven-enforcer-plugin, 2
states, 1
sonicmq, 1
gorm-mongodb, 3
extjs4.2, 1
qtreeview, 1
qabstractitemmodel, 1
propertyeditor, 1
angularjs-service, 2
cgaffinetransform, 2
objectinputstream, 1
objectoutputstream, 1
tunneling, 1
server-sent-events, 19
http-streaming, 1
android-multidex, 2
plyr, 2
http-error, 1
junit-rule, 1
zoho, 2
mlab, 5
method-invocation, 2
output, 2
nosuchfieldexception, 2
aws-sdk, 17
ttl, 1
content-expiration, 1
gmail, 9
playframework-2.4, 3
jdom-2, 1
rome, 1
setattribute, 1
netflix-ribbon, 48
label, 7
weight, 1
bidirectional-relation, 1
entity-relationship, 3
compiler-construction, 1
grammar, 2
protocols, 1
alm, 2
bytearrayoutputstream, 1
apache-hive, 1
parameterized-tests, 1
junitparams, 2
grails-2.5, 7
database-management, 2
asp.net-identity-2, 1
azure-application-insights, 4
json-deserialization, 9
forward, 3
saxparser, 2
saaj, 2
drop-down-menu, 3
html-select, 1
release, 2
docusignapi, 1
google-cloud-platform, 37
diagram, 2
extract, 1
data.table, 3
bar-chart, 4
stemming, 1
linguistics, 1
porter-stemmer, 1
snowball, 1
file-extension, 1
uiinclude, 1
jgiven, 2
utf, 2
pry-rails, 1
listjs, 1
oim, 4
android-layout, 3
sticky, 2
android-tablayout, 1
mapstruct, 35
clojure, 5
sage, 1
bean-io, 2
screen, 2
jst, 1
grunt-wiredep, 1
neo4j-ogm, 52
rythm, 1
tcp-ip, 5
appdelegate, 2
bioconductor, 1
bundlor, 1
oracle12c, 8
rbac, 1
abac, 1
mongoid4, 1
binary-tree, 2
docker-registry, 3
web-crawler, 2
jsr310, 8
xamarin, 3
instruments, 1
tableview, 2
tablecolumn, 1
in-operator, 1
opentok, 2
tokbox, 2
css-selectors, 4
web-component, 2
shadow-dom, 1
documentfragment, 1
html5-template, 1
google-guava-cache, 5
hierarchical, 2
apk, 2
connect-direct, 1
app-startup, 2
event-bus, 2
maybe, 1
configuration-management, 1
particle-system, 2
elasticsearch-mapping, 1
test-coverage, 1
black-box-testing, 1
persistent-object-store, 1
alfresco-webscripts, 8
twilio, 1
contenttype, 1
cryptography, 4
primes, 1
public-key-encryption, 2
angular-resource, 3
bindy, 2
owl-carousel-2, 1
jsplumb, 1
jsonrpc4j, 1
automaton, 1
kleene-star, 1
rx-java, 20
web-hosting, 2
robots.txt, 1
omniauth-twitter, 1
process-monitoring, 1
logstash-forwarder, 1
logstash-logback-encoder, 3
fiware, 4
bigbluebutton, 1
icefaces, 1
pitest, 2
spring-repositories, 26
jgit, 2
milestone, 1
angularjs-select2, 1
apache-commons-collection, 1
nuodb, 2
http-status-code-302, 2
deltaspike, 1
gridfs-stream, 1
sql-like, 1
unitils, 2
shopizer, 3
key, 2
dynamic-proxy, 2
web-inf, 2
licensing, 2
electron, 2
jquery-ui-slider, 1
legacy, 2
validationgroup, 1
toad, 1
objectdb, 2
jdbi, 3
android-support-library, 4
multidex, 1
faraday, 1
vert.x, 12
choice, 1
ffi, 1
gradle-plugin, 19
jq, 1
ternary-operator, 1
spring-boot-maven-plugin, 75
aws-api-gateway, 11
records, 1
struct, 1
rhel, 1
graph-tool, 2
hilo, 1
flexbox, 3
language-lawyer, 1
w3c, 1
webforms, 1
hangfire, 1
completable-future, 10
windows-7-x64, 1
kylin, 2
dagger-2, 1
bigdata, 4
state-machine, 4
rails-geocoder, 1
html5-canvas, 1
tomcat-juli, 1
textarea, 2
hibernate-spatial, 11
email-attachments, 2
access-control, 1
rpc, 3
sqlalchemy, 2
relational, 1
big-o, 1
time-complexity, 6
otp, 1
best-in-place, 1
font-awesome, 5
fluentd, 5
ruby-on-rails-3.2, 1
access-log, 4
bootstrap-lightbox, 1
jmh, 4
utf8-decode, 1
eager-loading, 2
relative-path, 3
optional, 6
lodash, 3
powermockito, 18
activeadmin, 6
wsse, 1
servlet-mapping, 4
jdk6, 1
method-reference, 3
ios9, 4
java.util.logging, 6
java-batch, 1
mysql2, 2
clone, 2
prototype-pattern, 1
core-location, 2
cllocation, 1
form-authentication, 2
android-databinding, 1
ruby-2.0, 1
swift2, 3
spring-restdocs, 52
wix, 1
autoload, 1
wordnik, 1
load-testing, 2
auth0, 14
custom-error-handling, 2
connection-string, 1
dump, 1
ecmascript-6, 4
react-jsx, 2
chmod, 2
distributed, 4
uberjar, 4
string-split, 1
point-to-point, 1
vpython, 1
static-members, 1
f#, 1
f#-data, 1
slick.js, 2
resolution, 1
apache-zeppelin, 3
actionpack, 1
vaadin-spring-boot, 7
wmi, 1
event-log, 1
j-interop, 1
android-apt, 1
gae-userservice, 1
template-method-pattern, 2
dagger, 1
auto-value, 1
better-errors-gem, 1
collision, 2
contact, 1
rdbms, 1
sts-securitytokenservice, 1
role, 3
html-email, 4
sendasynchronousrequest, 1
jaxws-maven-plugin, 3
privileges, 2
ora-00942, 1
android-security, 2
skfieldnode, 1
fileinputstream, 1
http-options-method, 2
fitnesse, 1
fitnesse-slim, 1
keytool, 6
therubyracer, 2
angular, 327
livereload, 3
genetic, 3
saxon, 2
cxf-client, 3
kuali, 1
cancellation, 1
messages, 2
webpage, 1
oozie, 1
x86-64, 2
spring-security4, 3
plaintext, 2
coffeescript, 3
email-integration, 2
tidyr, 1
aar, 1
remote-debugging, 2
ormlite, 1
document, 2
editing, 1
onlyoffice, 1
pdo, 2
elm, 2
ignite, 81
rubymine-7, 1
referer, 1
subclipse, 1
checkin, 1
http-token-authentication, 1
pem, 2
jenkins-plugins, 2
perl-module, 1
browser-cache, 2
xmladapter, 1
hortonworks-data-platform, 4
gridview, 2
adventureworks, 1
giphy-api, 1
android-proguard, 6
google-cloud-bigtable, 2
graph-theory, 2
strongly-connected-graph, 1
instrumentation, 3
maven-jar-plugin, 3
rabbitmq-exchange, 7
http-authentication, 2
angularjs-resource, 1
ojo, 1
watir, 1
elasticsearch-2.0, 1
assemble, 1
urlconnection, 1
clock, 1
periodic-task, 1
spring-boot-gradle-plugin, 41
lazyload, 1
jersey-test-framework, 7
generator, 2
tar, 1
tk, 1
eclipse-memory-analyzer, 1
spring-oauth2, 84
circular-dependency, 3
named-parameters, 3
reliability, 1
pcf, 7
bearer-token, 5
graphviz, 2
spring-4-gwt, 1
replay, 1
continuity, 1
form-data, 5
reference-source, 1
end-to-end, 3
raspberry-pi2, 1
grails-3.0.9, 3
elastic-stack, 5
ebean, 4
qc, 1
javax-inject, 1
boost-graph, 3
boost-property-map, 1
datapersistance, 1
visualforce, 1
apex, 1
force.com, 1
remoteobject, 1
assertj, 1
json-api, 1
partition, 2
case-insensitive, 1
mappedsuperclass, 2
iteration, 1
nhibernate-inheritance, 1
web-scraping, 5
lxml, 2
fiware-cosmos, 1
ffmpeg, 4
javacv, 1
xmlunit, 1
xmlunit-2, 1
ntlmv2, 1
google-visualization, 4
junit3, 1
rest-security, 2
informatica, 1
informatica-powercenter, 1
informatica-powerexchange, 1
period, 1
spring-cxf, 2
ngroute, 3
r-grid, 1
gateway, 7
square, 1
mockwebserver, 2
profile-picture, 1
default-value, 1
resize, 1
nsautolayout, 1
event-sourcing, 6
sunspot-rails, 1
genetic-programming, 3
deap, 2
embedded-osgi, 1
hostname, 2
ember-cli, 1
endpoints, 1
google-identity-toolkit, 1
kde, 1
serenity-bdd, 4
cucumber-serenity, 2
sonar-maven-plugin, 2
session-fixation, 1
webseal, 2
dynatrace, 2
react-router, 8
momentjs, 2
wsimport, 2
ionic, 1
ddd-repositories, 4
aws-rds, 3
elasticsearch-java-api, 5
kafka-producer-api, 19
delay, 1
h2db, 2
kubernetes, 124
ejb-timer, 1
wcm, 1
git-post-receive, 1
gem-bundler, 1
revit-api, 1
revit, 1
revitpythonshell, 1
pattern-matching, 4
traveling-salesman, 2
jquery-ui-datepicker, 2
jgss, 1
anypoint-studio, 16
c++14, 2
constexpr, 1
asciidoctor, 6
xtext, 2
xtend, 2
file-copying, 1
java.nio.file, 1
maven-bom, 9
datastax-enterprise, 5
offset, 1
swagger-editor, 2
gd, 1
homebrew, 3
weave, 1
angularjs-routing, 1
large-files, 3
heap-size, 1
instagram-api, 1
skscene, 1
sqljdbc, 1
gesture, 1
uwp, 2
microsoft-band, 1
context-configuration, 5
resource-management, 1
cql, 2
nested-class, 1
gateways, 1
ruby-on-rails-5, 44
actioncable, 3
datadog, 1
metrics-spring, 1
bower, 2
connection-timeout, 3
stackexchange-api, 1
twig, 1
resty-gwt, 1
reader, 1
invoke, 1
upstart, 2
high-load, 2
java-bytecode-asm, 3
activemq-artemis, 10
refinerycms, 1
wildfly-9, 6
azure-storage, 5
azure-storage-blobs, 2
banner, 1
byte-buddy, 7
pivot-table, 1
ibm-bpm, 1
aggregators, 2
cad, 1
topology, 1
brep, 1
jboss-forge, 1
android-xml, 1
android-scrollview, 2
sqlite3-ruby, 2
salt, 1
oauth2, 21
django-socialauth, 1
python-social-auth, 1
build-process, 2
backand, 1
redis-cache, 2
php-5.3, 1
springlayout, 1
tracing, 5
restfuse, 1
selectonemenu, 1
html-lists, 1
centering, 1
twitter-streaming-api, 2
vertx3, 2
distinguishedname, 1
precompile-assets, 1
spss, 1
standby, 1
android-recyclerview, 3
caffeine, 4
redux, 5
redux-thunk, 1
azure-ad-b2c, 2
prometheus, 35
java-persistence-api, 1
iqueryable, 1
ios-ui-automation, 1
combinations, 1
crossover, 5
data-modeling, 3
redirect-loop, 1
location-provider, 1
spring-boot-admin, 39
fulltext-index, 1
tablerow, 1
rel, 1
ultraesb, 1
adroitlogic, 1
formulas, 1
parseexception, 1
ical4j, 1
flask, 2
jinja2, 1
masspay, 1
tinkerpop3, 1
intellij-15, 1
jxls, 1
pivotal-cloud-foundry, 62
user-management, 1
resourcemanager, 1
cucumber-java, 13
tess4j, 2
rsa, 4
public-key, 1
openpgp, 1
unicorn, 2
evernote, 1
pivotal-web-services, 3
boxfuse, 8
bridge, 1
uipangesturerecognizer, 2
provider, 1
maven-javadoc-plugin, 1
doclet, 1
solace, 5
comparison-operators, 1
jsf-1.2, 1
service-provider, 1
java-websocket, 16
legend, 5
move, 1
filelock, 1
amazon-swf, 2
cloudant, 2
petapoco, 1
loopbackjs, 1
windows-services, 1
max, 3
layout-animation, 2
grails-3.1, 21
sip, 1
sip-servlet, 1
katharsis, 3
ng-file-upload, 5
pyyaml, 1
quotes, 1
babeljs, 1
image-size, 1
drools-planner, 1
tls1.2, 8
jsonb, 7
streaming, 6
quickcheck, 1
spring-cloud-stream, 242
clientip, 1
datatables-1.10, 1
bootstrap-switch, 1
userprincipal, 1
camelcasing, 1
search-suggestion, 1
doc, 1
file-conversion, 1
jsr330, 6
jsr250, 1
xmlconvert, 1
google-cloud-storage, 3
convention-over-configur, 1
solace-mq, 2
kurento, 4
bnd, 2
hql-delete, 1
devops, 5
jmeter-maven-plugin, 3
spring-async, 12
eclipse-neon, 3
decoding, 1
bin, 1
greensock, 1
popmotion, 1
mysema, 1
remote-host, 1
mesos, 3
mesosphere, 1
marathon, 2
lazydatamodel, 2
redis-cluster, 5
gmail-api, 2
dendrogram, 1
openshift-cartridge, 4
anonymous-inner-class, 1
server-side-includes, 1
vaadin-push, 1
devise-invitable, 1
memoization, 1
disruptor-pattern, 1
lmax, 1
google-cloud-dataproc, 1
vps, 2
wiredtiger, 1
wildfly-10, 9
nfc, 1
javacard, 1
contactless-smartcard, 2
react-motion, 9
aws-lambda, 26
filenames, 1
spring-cloud-dataflow, 103
awt, 2
background-image, 1
data-conversion, 2
integrated-security, 1
introspection, 1
spring-cloud-feign, 50
feign, 28
java-service-wrapper, 2
mashape, 1
jupyter-notebook, 2
data-class, 1
spring-cloud-netflix, 170
kibana-4, 1
phoenix, 3
string-externalization, 1
marshmallow, 1
google-apps-marketplace, 1
fibonacci, 1
p2, 1
oomph, 1
locked, 1
immutability, 6
width, 1
railsinstaller, 2
railsinstaller-windows, 1
openid-connect, 14
hashtag, 1
angular2-routing, 7
maven-dependency, 5
gridgain, 6
spring-integration-sftp, 45
associations, 2
ops4j, 1
jenkins-workflow, 1
medical, 1
dead-code, 1
notification-listener, 1
run-configuration, 1
sniffy, 2
rtc, 1
centos7, 7
sitemap, 1
sitemap.xml, 1
arduino-ultra-sonic, 1
nested-queries, 1
dbmigrate, 1
azure-active-directory, 10
msgpack, 1
wildfly-swarm, 4
launcher, 1
sitecore8, 1
exit, 1
identifier, 2
liferay-7, 9
cyclic-reference, 1
file-handling, 2
nhibernate-envers, 1
atom-feed, 1
spark-launcher, 1
unzip, 2
share, 1
documents4j, 1
orientdb-2.1, 1
embedded-documents, 1
adam, 1
relational-database, 1
unique-constraint, 4
logistic-regression, 1
mixed-models, 3
nlme, 2
non-linear-regression, 1
ws-federation, 1
angular2-forms, 3
angular2-http, 4
jestjs, 1
open-uri, 1
hpc, 1
jpa-1.0, 1
jaspersoft-studio, 1
protractor, 5
grunt-contrib-connect, 1
teamcity-9.0, 2
bluetooth-lowenergy, 1
ios9.3, 1
angular-routing, 1
spring-cloud-aws, 26
apache-nifi, 8
http-proxy, 4
persist, 3
google-analytics-api, 1
entitlements, 1
identity-management, 2
identitymanager, 1
multiuserchat, 1
actor, 1
affix, 1
springy.js, 1
beautifulsoup, 6
capybara-webkit, 2
wrapper, 1
seaborn, 1
docx, 1
sign, 1
spy, 4
quartz-2d, 1
web-console, 1
setcookie, 1
extjs6, 1
zoneddatetime, 5
sys-refcursor, 1
ref-cursor, 1
scatter-plot, 1
bokeh, 7
sql-order-by, 1
geopoints, 3
advanced-rest-client, 2
uirefreshcontrol, 1
bidirectional, 5
transformer, 1
mysql-error-1064, 1
wcf, 3
wif, 1
xcode-ui-testing, 2
ui-testing, 1
razor, 1
code-behind, 1
cfnotification, 1
application-scope, 2
citrus-framework, 9
rgeo, 1
cllocationmanager, 1
parse-platform, 1
herestring, 1
query-hints, 1
file-permissions, 2
eclemma, 1
hazelcast-imap, 2
datastore, 1
okhttp3, 4
intellij-idea-2016, 2
skshapenode, 1
nunjucks, 1
pcre, 1
static-code-analysis, 1
cppcheck, 1
firebird-embedded, 1
wisper, 1
ip-restrictions, 1
apache-fop, 2
bucket, 1
fongo, 4
file-transfer, 2
sap, 5
sapjco3, 2
android-calendar, 1
figaro-ruby, 1
openid-provider, 1
recover, 1
spring-lemon, 2
aem, 3
modifier, 1
xcode7, 2
permission-denied, 1
servicebus, 2
mathematical-expressions, 1
asp.net-mvc-routing, 1
attributerouting, 1
double, 2
nan, 2
np-spring, 2
rpostgresql, 1
renjin, 1
xjb, 1
android-sdk-tools, 1
pythonanywhere, 1
graph-modelling-language, 1
actionmailer, 1
class-diagram, 1
gcloud-java, 1
spring-cloud-bus, 13
fiware-orion, 1
sencha-cmd, 1
encode, 1
asp.net-core, 3
uima, 2
gwt-super-dev-mode, 2
grails-webflow, 1
content-length, 1
jose4j, 1
jsx, 1
asciidoc, 4
javax.persistence, 4
docker-machine, 8
nearest-neighbor, 1
approximation, 1
locality-sensitive-hash, 1
approximate-nn-searching, 1
npm-install, 1
dialect, 5
ora-01000, 2
mkmapview, 1
mapkit, 1
http-status-code-500, 3
scopes, 2
gitlab-ci, 9
eventsource, 5
http-compression, 1
spring-boot-docker-plugin, 3
spring-cloud-sleuth, 50
modal-dialog, 2
websphere-extreme-scale, 1
export-to-csv, 2
oracle-adf, 1
internet-explorer-9, 1
primefaces-push, 1
similarity, 1
sst, 1
ldap-query, 2
ldap-client, 1
options, 2
grocery-crud, 1
emacs, 3
key-bindings, 1
backspace, 1
box-api, 1
box, 1
openshift-origin, 5
openshift-enterprise, 1
usernametoken, 1
jackrabbit, 1
voip, 1
sinch, 2
scroll, 2
imageview, 1
zoom, 1
pinchzoom, 1
angular-http, 7
indexeddb, 1
database-design, 3
xssf, 1
blockingqueue, 1
dependency-resolution, 2
eclipse-mars, 2
google-flexible, 1
combinatorics, 1
renderer, 1
spring-cloud-security, 7
jackson-dataformat-xml, 10
java-annotations, 8
two-way, 1
python-3.5, 1
ebextensions, 1
prerender, 1
task-parallel-library, 1
opencmis, 2
ngfor, 2
angularjs-ng-value, 1
angular2-ngmodel, 1
requestscope, 2
limit, 1
asp.net-core-mvc, 2
.net-core, 4
laravel, 3
laravel-5.2, 1
laravel-routing, 1
mail-sender, 3
jks, 3
sslhandshakeexception, 2
ruby-2.3, 1
atmosphere.js, 2
stateless-session, 1
implementedby, 1
database-locking, 1
live, 1
commerce, 1
nohup, 2
cq5, 1
aem-6, 2
in-clause, 1
jdbc-odbc, 1
batik, 1
orcid, 1
react-native-android, 5
react-native-listview, 1
react-native-ios, 6
service-worker, 1
webpack, 18
webpack-dev-server, 3
request-uri, 1
feed, 1
tiny-tds, 1
youtube-api, 2
spinnaker, 1
install4j, 2
loaded, 1
jax-ws-customization, 2
mailchimp, 1
gibbon, 1
matching, 1
infinite, 1
dbconnection, 1
osx-elcapitan, 1
node-gyp, 1
slice, 1
swift3, 4
swift-data, 1
warbler, 1
rvm-capistrano, 1
multi-configuration, 1
graph-layout, 2
codenvy, 2
security-constraint, 1
smb, 1
gradle-task, 1
bounded-contexts, 1
ui-leaflet, 1
transitive-dependency, 2
openshift-php-cartidges, 1
apache2, 3
perforce, 1
network-analysis, 2
grails-spring-security, 6
angular-cli, 14
spring-kafka, 270
bundle-install, 2
windows-subsystem-for-linux, 2
facebook-canvas, 1
keylistener, 1
keylogger, 1
f2py, 1
custom-headers, 1
kotlin-extension, 2
gssapi, 1
filesaver.js, 1
jackson2, 31
spring-cloud-task, 28
pgadmin, 1
postgresql-9.4, 7
preflight, 3
rack, 1
push, 2
scala-java-interop, 1
bitbucket-server, 1
asyncstorage, 1
jquery-animate, 1
slide, 1
window-functions, 1
grok, 2
n1ql, 9
accountmanager, 1
xml-rpc, 1
api-design, 5
snappydata, 3
procfile, 2
graphql, 26
graphql-java, 22
sql-server-2014, 2
fetch-api, 1
access, 1
ubuntu-16.04, 11
sweave, 1
tikz, 1
shapefile, 1
javax.ws.rs, 1
latex, 2
bookdown, 1
target-platform, 1
android-videoview, 1
crate, 1
poltergeist, 1
html-encode, 1
listen, 1
tensorflow, 8
core-graphics, 1
restful-architecture, 5
ibm-watson, 3
watson-conversation, 5
pyside, 1
linear-algebra, 1
lapack, 1
tomee-7, 3
spring-webflux, 304
uiviewpropertyanimator, 4
ienumerable, 1
seeding, 2
objectmapper, 9
xunit.net, 1
avro, 14
messagebroker, 2
text-alignment, 1
jasmine, 2
android-instrumentation, 1
statsd, 2
pascalcasing, 1
selenium-chromedriver, 2
specialized-annotation, 1
typesafe-config, 3
hocon, 1
zip4j, 1
inbound, 1
jsrender, 1
jsviews, 1
google-chrome-devtools, 2
polymer-designer-tool, 1
json.net, 2
plpgsql, 4
quartz-core, 1
ngtable, 1
windows-server, 1
build-system, 1
windows-server-2012, 1
grails-3.2.0.m2, 2
java-client, 2
rxjs, 5
rxjs5, 1
hadoop2, 2
static-html, 2
client-server, 2
camel-sql, 3
jest, 5
packages, 3
add, 1
jericho-html-parser, 1
viewmodel, 1
type-erasure, 3
observable, 4
adfs3.0, 2
firebase-realtime-database, 2
query-by-example, 3
png, 1
clientid, 3
akka-remoting, 1
scheduledexecutorservice, 2
mobilefirst-adapters, 2
mobilefirst-server, 2
karma-jasmine, 1
property-files, 3
entry-point, 1
client-applications, 1
maven-replacer-plugin, 1
openehr, 1
uglifyjs, 1
execjs, 2
olap, 1
port-number, 1
init, 1
httparty, 1
less-rails, 1
sass-rails, 1
filenet, 1
jpanel, 3
typeclass, 1
apache-camel-cdi, 1
semantic-versioning, 1
preg-replace, 1
preg-match-all, 1
unsupported-class-version, 1
draggable, 2
overlay, 1
remote-access, 2
javers, 6
webclient, 5
catch-all, 1
appserver, 1
keycloak-services, 5
nutch, 3
symmetricds, 1
grpc-java, 8
jsr107, 4
nsdata, 1
spark-cassandra-connector, 3
satellizer, 1
p12, 1
prawn, 1
ios10, 4
java-9, 48
cumulocity, 2
three.js, 3
glsl, 1
shader, 1
http2, 6
pushy, 1
concurrenthashmap, 1
rdf4j, 2
rpm, 1
ms-word, 2
exe, 1
struts2-rest-plugin, 1
show, 1
jclouds, 1
sql-scripts, 3
pubnub, 1
bonsai-elasticsearch, 1
spring-boot-devtools, 18
macos-sierra, 2
gsm, 1
kotlin-android-extensions, 1
classformaterror, 1
stomp-websocket, 1
alert, 2
reloadable, 1
struts-validation, 1
scada, 1
scadalts, 2
amazon-cognito, 5
binaryfiles, 1
cygwin, 1
sas, 1
proc, 1
fuzzy-search, 1
curl-commandline, 1
amazon-cloudfront, 1
imdb, 1
ruby-2.3.1, 2
grails3, 25
incompatibility, 1
docker-build, 2
vim, 1
colors, 5
redis-cli, 1
error-reporting, 1
in-place, 1
shopify, 4
mousewheel, 1
unity3d-2dtools, 1
spring-cloud-contract, 25
custom-type, 1
bootstrap-modal, 3
java-threads, 1
rakefile, 1
mpi, 1
android-glide, 2
confluent, 7
polling, 7
ssh-keys, 1
jmxtrans, 2
ejb-2.x, 1
disqus, 1
xuggler, 1
redisson, 4
java-opts, 2
systemd, 8
xmlroot, 1
private-constructor, 1
grails3.2.0, 5
variance, 1
google-cloud-dataflow, 3
default-constructor, 1
elasticsearch-shield, 1
adal, 1
pooling, 1
apache-spark-2.0, 2
imperative-programming, 1
c#-4.0, 2
bitmapdata, 1
imagefilter, 1
saas, 2
sonarqube-scan, 1
trim, 1
attach-api, 1
git-push, 1
record, 2
db2-luw, 2
unique-index, 1
dashdb, 1
python-multiprocessing, 1
cassandra-3.0, 6
metadata-extractor, 1
scale, 2
server-to-server, 1
bots, 1
programmatically, 1
size, 2
media-player, 1
junit5, 40
sentry, 4
raven, 2
canonical-link, 1
aggregate-functions, 1
crosstab, 1
garbage, 1
json-patch, 5
audit-tables, 1
phaser-framework, 2
fluid-dynamics, 2
geopandas, 2
java.util.calendar, 1
service-accounts, 1
tail-recursion, 1
towers-of-hanoi, 2
woodstox, 1
google-kubernetes-engine, 8
buildnumber-maven-plugin, 1
antlr, 1
file-writing, 1
multiple-instances, 2
httpserver, 1
yourkit, 1
database-caching, 1
timeoutexception, 2
rcp, 1
file-descriptor, 2
cloudhub, 1
php-java-bridge, 1
ansible, 7
touch, 2
scrollviewer, 1
openapi, 5
zipkin, 28
thread-sleep, 1
frequency, 1
categories, 1
crash-reports, 1
unusernotificationcenter, 1
capitalize, 1
sensor, 1
z-wave, 1
watchservice, 3
jce, 1
cabasicanimation, 1
catransaction, 1
throwable, 1
jsonserializer, 1
processbuilder, 1
enterprise-architecture, 1
webcam-capture, 1
ceylon, 2
gnu, 1
composite, 1
windows-10, 4
directoryservices, 1
nativequery, 5
inorder, 1
esoteric-languages, 1
errai, 1
wicked-pdf, 1
quartz, 13
indicator, 1
watson, 2
maven-cobertura-plugin, 3
yslow, 1
google-pagespeed, 1
gtmetrix, 1
winrun4j, 1
api-gateway, 7
fileapi, 2
sinch-verification, 1
pact, 4
pact-java, 1
jackson-databind, 23
message-bus, 2
spring-auto-restdocs, 4
force-layout, 1
d3-force-directed, 1
clearcase, 1
hapi-fhir, 1
fluent, 1
stackdriver, 3
utf8mb4, 2
amcharts, 1
google-calendar-api, 1
transport, 1
plotrix, 1
radial, 1
handlebars.java, 1
multiple-inheritance, 1
kube-dns, 2
predix, 2
spring-boot-test, 103
docker-for-windows, 1
docker-desktop, 1
test-data, 1
hibernateexception, 1
history, 1
journal, 1
data-persistence, 1
mod-proxy, 2
mockrunner, 2
react-router-component, 1
httpie, 1
payara-micro, 2
retrofit2, 6
orbot, 1
sqlcommand, 1
connection-pool, 2
asyncresttemplate, 4
singleton-methods, 1
cloudera-cdh, 1
data-acquisition, 1
immutables-library, 2
generated-code, 1
deb, 1
tnsnames, 1
tns, 1
persistent-storage, 1
pycharm, 1
dynamic-class-loaders, 3
net-http, 1
tcpsocket, 1
kotlin-allopen, 2
uglifier, 2
ruby-2.4, 2
reset-password, 1
hdinsight, 2
python-requests, 6
nested-loops, 1
internet-explorer-11, 1
axios, 12
express-mapper, 1
external-dependencies, 1
buildship, 1
fuzzy-logic, 1
google-drive-sdk, 2
wiremock, 14
alfresco-ldap, 1
alfresco-maven, 1
grails-resources-plugin, 1
mirror, 1
id-generation, 1
spring-cloud-consul, 18
mongo-java-driver, 6
data-cleaning, 1
localtime, 1
mmap, 1
sh, 2
webdriver-manager, 1
bigtable, 1
swarm, 2
android-facebook, 1
payara, 3
amazon-mobile-hub, 1
subscription, 1
scalatest, 1
azure-webapps, 1
today-extension, 1
group-by, 2
jmc, 3
hashset, 1
stylesheet, 2
grpc, 5
reform, 1
trailblazer, 1
azure-data-lake, 1
spline, 1
bspline, 1
neo4j-bolt, 1
chatbot, 2
messenger, 1
administration, 1
liferay-6.2, 1
themes, 1
scikit-image, 1
yii2, 1
angular-file-upload, 1
shortest-path, 1
apartment-gem, 2
web-api-testing, 2
physx, 1
subscriptions, 1
struts2-interceptors, 1
google-nativeclient, 1
declarative-programming, 1
configserver, 7
ftps, 1
instances, 1
ng2-bootstrap, 1
facebook-graph-api-v2.8, 1
image-resizing, 1
rmagick, 1
aws-code-deploy, 4
jco, 2
localdate, 9
zooming, 1
firebase-admin, 1
xrebel, 1
google-cloud-spanner, 3
corba, 1
jboss-eap-7, 7
opencl, 1
gpgpu, 1
amd, 1
flat-file, 1
dataweave, 3
docker-cloud, 1
explorer, 1
drm, 1
reactive, 22
quartz-persistence, 1
apache-mina, 1
lsmeans, 1
user-input, 1
spacemacs, 1
http-get, 1
race-condition, 1
mdc, 6
sendmail, 1
send, 1
ozimov-email-tools, 2
rsyslog, 1
docker-swarm, 15
oracledb, 1
lightbox, 1
lightbox2, 1
cloud9, 1
jaxb2-maven-plugin, 1
simplexml, 1
javax, 2
labels, 2
numbers, 1
swisscomdev, 4
byte-code-enhancement, 2
ghci, 1
response-headers, 1
final, 1
msf4j, 1
wso2msf4j, 1
refresh-token, 4
android-volley, 2
sonarqube-api, 1
raster, 2
rfc6902, 1
mvel, 1
stack, 2
quicksort, 2
comparable, 1
non-recursive, 1
angular-ui-bootstrap, 2
tcpdump, 1
mitreid-connect, 2
nmap, 1
transient, 3
sigkill, 1
aws-codebuild, 1
arangodb, 11
jjwt, 3
android-library, 1
timestamp-with-timezone, 1
react-redux, 3
gcp, 1
saucelabs, 1
angularjs-1.6, 1
metadata, 1
angular2-services, 5
vis.js-network, 2
vis.js, 3
vaadin8, 13
google-cloud-functions, 1
ws-addressing, 1
gelf, 2
ionic2, 6
map-function, 1
azureservicebus, 3
has-many, 1
belongs-to, 2
missing-features, 1
jade4j, 1
publisher, 1
particle-swarm, 1
swagger-codegen, 19
ngresource, 1
slf4j-api, 1
jpa-criteria, 7
windows-container, 1
opennlp, 2
broken-pipe, 1
instamojo, 1
geometry, 2
sonar-runner, 2
mocha, 2
chai, 1
docker-ucp, 1
amazon-kinesis, 8
tree-traversal, 1
autocreate, 1
stanford-parser, 1
jsfiddle, 1
codepen, 1
laravel-5.3, 1
feature-file, 1
jbehave-maven-plugin, 1
anonymous, 1
plaid, 1
hapi, 2
hl7-fhir, 1
datahandler, 1
mifos, 2
blazeds, 1
database-testing, 1
graph-drawing, 1
aerospike, 6
mongodb-atlas, 2
button, 1
firebase-cloud-messaging, 6
visual-studio-code, 6
sql-merge, 1
java-date, 2
rx-java2, 2
complextype, 1
opensuse, 2
aws-java-sdk, 3
internal-load-balancer, 1
substring, 1
mule-esb, 6
mockrestserviceserver, 2
intellij-lombok-plugin, 2
jsf-2.3, 4
abstraction, 1
advanced-queuing, 1
spring-boot-configuration, 12
tablesorter, 1
deeplearning4j, 2
callable, 2
intellij-17, 1
postgresql-initdb, 1
runnable, 1
authenticator, 1
xib, 1
yui-compressor, 3
pcfdev, 4
microbenchmark, 1
influxdb, 5
grafana, 6
retry-logic, 1
xlsx, 1
kylo, 3
summarization, 1
jsonschema2pojo, 1
rule, 2
ruby-on-rails-5.1, 8
postgres-9.6, 2
get-request, 1
web-client, 2
spring-integration-aws, 21
axon, 20
router, 1
nfs, 1
openstack-cinder, 1
codegen, 3
brazos, 1
base, 1
odm, 1
vue.js, 10
vue-resource, 1
apache-spark-mllib, 1
jackrabbit-oak, 1
angular2-template, 2
delimiter, 2
safari, 3
crafter-cms, 2
rtmp, 1
mpeg-dash, 1
federated-queries, 1
azure-cosmosdb, 8
httpconnection, 1
type-variables, 1
build-dependencies, 1
registry, 3
scrapy-spider, 1
neo4j-embedded, 1
hashicorp-vault, 9
spring-cloud-vault-config, 8
listviewitem, 1
spring-filter, 7
gallery, 1
cpu-usage, 2
utilization, 1
orchestration, 1
spring-integration-dsl, 86
ml-gradle, 1
neo4j-ogm-bolt-driver, 1
navbar, 3
xodus, 1
overrides, 1
elasticsearch-5, 3
kubectl, 4
docker-stack, 1
rdfs, 2
indexed, 1
appium, 3
bitrise, 1
nhibernate-validator, 1
pod, 2
jenkins-pipeline, 3
jenkins-cli, 1
availability, 1
actuator, 8
vuejs2, 2
recursive-query, 1
secret-key, 2
href, 1
bitbucket-pipelines, 5
global-variables, 3
cell, 1
graylog, 1
terracotta, 3
tcpclient, 3
compose, 1
grails-3.2, 1
has-one, 1
pug, 1
opera, 1
aes, 4
circuit-breaker, 9
zones, 1
okta-api, 2
apache-kafka-streams, 22
roulette-wheel-selection, 2
telnet, 1
spring-data-envers, 3
skype-for-business, 1
skypedeveloper, 1
octave, 1
openmodelica, 2
ode45, 2
java-module, 11
jdbc-pool, 1
cuba-platform, 4
pandas-groupby, 1
conflict, 1
kubernetes-health-check, 1
payload, 1
skphysicscontact, 1
ionic3, 4
edges, 1
complex-networks, 1
box2d, 1
matter.js, 1
spring-framework-beans, 14
apriori, 1
arules, 1
spring-config, 33
airflow, 1
build.gradle.kts, 1
gradle-kotlin-dsl, 10
gcc, 1
arm, 1
elf, 1
twitter-bootstrap-4, 1
spring-integration-amqp, 12
quaternions, 1
angular2-aot, 1
jhipster-registry, 7
connection-reset, 2
nativescript, 1
try-catch, 3
elastic-load-balancer, 1
karate, 14
creation, 1
kotlintest, 3
ssha, 1
k-means, 1
gradle-apt-plugin, 1
docker-networking, 4
ucp, 2
accesscontrolexception, 1
clickhouse, 1
c9.io, 1
apache-drill, 2
jigsaw, 10
sqldatatypes, 1
jboss-modules, 1
amazon-dynamodb-dax, 1
database-sequence, 1
hl7, 2
ccd, 1
hl7-cda, 1
c-cda, 1
mdht, 1
bootstrap-4, 11
spring-boot-starter, 18
vaadin-grid, 1
traits, 2
r-raster, 1
serviceloader, 1
redmine-plugins, 2
wso2mb, 1
connection-refused, 1
jmeter-plugins, 1
xmlschemaset, 1
codenameone, 2
jbuilder, 1
date-parsing, 1
scroll-snap-points, 1
parameterized, 2
deep-learning, 1
razorsql, 1
apollo-android, 1
xslt-3.0, 1
google-vision, 2
oracle-sqldeveloper, 3
lightadmin, 1
logic, 2
android-coordinatorlayout, 1
android-appbarlayout, 2
kubernetes-helm, 3
incoming-mail, 1
will-paginate, 1
fail-fast, 1
react-animated, 4
watch, 1
entities, 1
serverless-framework, 2
wildfly-cluster, 1
zos, 1
amazon-cloudwatch, 2
nightly-build, 1
port80, 2
aws-cognito, 3
tomcat8.5, 2
refs, 1
jsm, 1
mail-server, 1
libreoffice, 1
hosts, 1
dnsmasq, 1
atlassian-localstack, 1
azure-functions, 4
azure-functions-runtime, 2
apache-kafka-connect, 4
flannel, 1
verlet-integration, 1
data-ingestion, 1
springrunner, 5
modular-arithmetic, 1
montgomery-multiplication, 1
distributed-system, 1
distributed-cache, 1
image-compression, 1
actioncontroller, 1
lets-encrypt, 1
jquery-chosen, 1
allure, 2
raygun, 1
geojson, 1
sql-timestamp, 1
stringi, 1
grails-3.3, 8
roaster, 1
deploying, 1
wicket-7, 1
r-tree, 1
apache-cayenne, 1
non-web, 1
hibernate-jpa, 1
playframework-2.6, 1
big-ip, 1
camel-test, 1
ng-options, 1
scnnode, 1
maven-docker-plugin, 4
kafka-python, 1
persistence-unit, 1
jboss-tools, 1
javascript-objects, 1
camel-blueprint, 1
joomla, 1
processor, 1
apache-commons-daemon, 1
extjs5, 1
application.properties, 28
property-injection, 1
flowtype, 1
datetimepicker, 1
benchmarking, 1
wrk, 1
regression, 2
angularjs-ng-click, 1
redisclient, 1
entitylisteners, 3
azure-web-app-service, 10
ms-extensions-logging, 1
.net-core-2.0, 1
circleci, 4
sessionid, 1
unirest, 2
spacy, 1
flask-restplus, 1
papyrus, 1
collectd, 1
kotlin-interop, 3
kotlin-null-safety, 1
spotify, 1
integration-patterns, 1
hibernate-5, 1
system-design, 1
opencms, 1
tomcat9, 8
uianimation, 1
loose-coupling, 1
visibility, 2
mp4, 2
bazel, 3
guacamole, 1
micrometer, 22
redmine, 1
ehcache-3, 7
daterangepicker, 1
stateful, 2
12factor, 1
captcha, 2
paint-code, 1
reactive-streams, 6
hbase-client, 1
undo, 1
changeset, 1
open-liberty, 6
hexagonal-architecture, 2
sdkman, 2
konvajs, 1
tm, 1
socket.io, 3
xamarin.forms, 1
xamarin.android, 1
shake, 1
eol, 1
amazon-elastic-transcoder, 1
reactor-netty, 20
spring-data-neo4j-5, 9
docker-container, 3
videoquality, 1
java-memory-leaks, 1
bad-gateway, 1
microsoft-graph, 2
aws-xray, 6
deprecation-warning, 1
bulletphysics, 1
bullet, 1
web-config-encryption, 1
google-sheets-api, 1
distribution, 1
bcrypt-ruby, 1
erubis, 1
pandoc, 2
row-level-security, 1
distinct, 3
cqrs, 11
inline-images, 1
joinfaces, 5
core-data, 1
core-data-migration, 1
lme4, 1
telegram-bot, 1
telegram-webhook, 1
spring-camel, 16
livy, 2
oracle-cloud-infrastructure, 1
fallback, 1
jstl-functions, 1
builder-pattern, 1
module-path, 2
smpp, 1
oracle-soa, 1
oracle-enterprise-manager, 1
thread-synchronization, 1
shutdown-hook, 4
pack, 1
libxml2, 1
self-reference, 1
javapoet, 1
speedment, 1
aframe, 2
android-studio-3.0, 1
dexguard, 1
purrr, 1
mgcv, 1
broom, 1
security-context, 1
signed, 1
spring-jersey, 6
directed-graph, 2
pydot, 1
digraphs, 1
encoder, 2
ssm, 1
oai, 1
key-value-store, 1
diff, 1
network-monitoring, 1
semantic-web, 1
latency, 1
summary, 1
mongo-jackson-mapper, 1
putty, 1
neural-network, 3
keras, 3
camel-cxf, 1
authorize, 1
bulkupdate, 1
corrupt-data, 1
jsonlines, 1
yarnpkg, 2
expando, 1
expo, 5
nano-server, 1
excel-formula, 1
excel-2010, 1
excel-2007, 1
worksheet-function, 1
ansi, 1
jackson-dataformat-csv, 1
apachebench, 2
fitness, 1
consoleappender, 1
karma-webpack, 1
webpack-3, 1
sudo, 1
delphi-10.2-tokyo, 1
gunicorn, 1
falconframework, 1
corda, 13
gremlin-server, 1
janusgraph, 1
cd, 1
debezium, 2
fsm, 1
asterisk-java, 2
clean-architecture, 1
vlookup, 1
hibernate-batch-updates, 1
grafana-templating, 1
raml, 1
hibernate-cache, 1
hl7-v2, 1
logstash-configuration, 1
filebeat, 1
j, 1
auto-populating, 1
windows-server-2012-r2, 1
mockserver, 3
serverless, 3
confluent-schema-registry, 6
deep-linking, 1
roku, 1
treeview, 1
module-info, 2
opens, 1
pyspark, 2
solid-principles, 2
rcpp, 1
nullable, 1
nslinguistictagger, 1
string-interning, 1
google-cloud-pubsub, 3
cvxopt, 1
unity5, 1
telegram, 1
lettuce, 7
flatfilereader, 1
auto-generate, 1
launch4j, 1
junit-runner, 2
tuples, 2
spring-vault, 9
java.lang, 1
kotlin-multiplatform, 1
elasticsearch-6, 2
siblings, 1
date-range, 1
evaluator, 1
alfresco-enterprise, 1
minikube, 7
jaeger, 7
out-parameters, 1
eclipse-oxygen, 1
jdk1.8.0, 1
angular5, 21
liquigraph, 2
spring-integration-http, 6
netiq, 1
performancecounter, 1
github-api, 3
oidc, 5
openedge, 1
okio, 1
intervals, 1
app-engine-flexible, 2
bootclasspath, 1
jai, 1
google-cloud-firestore, 2
updating, 1
clam, 1
bootrun, 3
nomin, 1
terminal-color, 1
http-trace, 2
jprofiler, 2
fastinfoset, 1
mailgun, 3
swift4, 1
xcode9, 1
capped-collections, 1
kryo, 1
taskscheduler, 2
scopus, 1
sendgrid, 3
mono, 1
spring-integration-mqtt, 3
cross-cutting-concerns, 1
bamboo-artifacts, 1
forgot-password, 1
material-ui, 1
hot-reload, 2
mongo-shell, 1
specification-pattern, 1
mathematical-optimization, 1
pyomo, 1
directory, 1
spiral, 2
psql, 1
nomethoderror, 1
autoscaling, 1
maven-versions-plugin, 1
cachemanager, 1
opentracing, 5
cmd, 3
google-translate, 1
flexy-pool, 1
business-rules, 2
logrotate, 1
montecarlo, 1
quantitative-finance, 1
maven-gae-plugin, 1
angular2-observables, 2
polyfills, 1
druid, 1
urlopen, 1
auth-request, 1
spring-security-saml2, 3
python-sphinx, 1
read-the-docs, 1
testcontainers, 3
dynamic-binding, 1
jarsigner, 1
spring-cloud-gateway, 25
traefik, 3
mapr-streams, 1
filepath, 2
jodconverter, 1
azure-keyvault, 1
globalize, 1
rails-generate, 1
database-trigger, 1
javascript-debugger, 1
ibm-cloud-tools, 1
s4sdk, 15
igraph, 1
genealogy, 1
ui-grid, 1
jpa-2.2, 1
graphql-subscriptions, 1
gitlab-api, 1
pagespeed, 1
prototype-scope, 1
jekyll, 1
liquid, 1
infinispan-9, 1
distributed-database, 1
junit-toolbox, 2
ehcache-2, 4
graph-visualization, 1
converters, 1
amazon-simpledb, 1
series, 1
neo4j-apoc, 1
horizontal-scaling, 1
pipeline, 1
go-cd, 1
mobile-devices, 1
jcenter, 1
xslt-2.0, 1
hosting, 1
kapt, 1
resilience4j, 1
fatjar, 1
workday-api, 1
pentaho-data-integration, 1
tibco, 4
intellij-plugin, 2
cockroachdb, 3
angular-ui-pagination, 1
javadb, 1
selenium-firefoxdriver, 1
random-seed, 1
backbase, 1
dialogflow, 4
presto, 1
document-database, 1
azure-java-sdk, 1
easynetq, 1
new-operator, 1
throw, 1
unhandled-exception, 1
colon, 1
advertising, 1
utm-tracking, 1
azure-container-service, 1
azure-container-instances, 1
p5.js, 1
spark-submit, 1
password-hash, 1
varchar, 1
chunks, 1
slapd, 1
openapi-generator, 1
response-time, 1
sticky-session, 1
reinforcement-learning, 1
fileappender, 1
solidus, 1
chruby, 1
background-color, 1
stack-navigator, 1
pessimistic-locking, 1
aurora, 1
android-studio-3.1, 1
resiliency, 1
firefox-developer-tools, 1
smartcard-reader, 1
intellij-idea-2018, 1
wagtail, 1
spring-logback, 10
angular-ngmodel, 1
jfrog-cli, 2
query-optimization, 2
scd, 1
java-ee-5, 1
pika, 1
jnp, 1
es6-promise, 1
babel, 1
static-import, 1
spring-kotlin, 2
chain, 1
aws-fargate, 1
web-frontend, 1
shinyproxy, 1
confluent-kafka, 1
arrow-kt, 1
angular4-router, 2
jfrog-mission-control, 1
amazon-rds-aurora, 2
httpentity, 1
okhttpclient, 1
spring-data-jdbc, 22
vpc, 1
vue-router, 1
cart, 1
r-caret, 1
rpart, 1
plotly, 3
jsystem, 1
domain-mapping, 1
caanimation, 1
test-reporting, 1
dateadd, 1
facebook-graph-api-v2.0, 1
flume, 1
blue-green-deployment, 1
hortonworks-sandbox, 1
xpages, 1
json-schema-validator, 1
pool, 2
embedded-resource, 1
vaadin10, 5
m, 1
atlas, 1
execute, 1
amazon-iam, 1
tablecellrenderer, 1
sslexception, 2
clip-path, 1
node-modules, 1
userscripts, 1
page-refresh, 1
tampermonkey, 1
apache-commons-beanutils, 1
ngx-bootstrap, 1
ngx-bootstrap-modal, 1
searchkick, 1
wget, 1
mysql-8.0, 1
d3-cloud, 1
java-10, 9
constants, 1
dropzone, 1
applescript, 1
throughput, 1
alpn, 1
md5, 1
swap, 1
capturing-group, 1
kotlin-exposed, 1
c3.js, 1
ruby-on-rails-5.2, 1
agi, 1
cups, 1
local, 1
destruction, 1
custom-scope, 1
kubernetes-ingress, 4
angular6, 11
neo4j-java-api, 1
static-ip-address, 1
bitbucket-aws-code-deploy, 1
selinux, 1
liferay-dxp, 1
apt, 1
testng-dataprovider, 1
model-checking, 1
binary-decision-diagram, 1
set, 1
loss, 2
daemon, 1
ruby-on-rails-2, 1
rancher, 2
micronaut, 9
openshift-3, 1
divide-and-conquer, 1
schema.org, 1
microdata, 1
json-ld, 1
aws-serverless, 1
predestroy, 1
rocket.chat, 1
bulkinsert, 1
tanuki, 1
truncation, 1
screensharing, 1
windows-server-2016, 1
nestjs, 2
nested-lists, 1
rails-activestorage, 2
quasar, 2
cgi, 1
storage, 1
database-administration, 1
postgresql-9.6, 2
api-versioning, 2
callable-statement, 1
pip, 1
docker-for-mac, 1
requires, 1
sql-server-2000, 1
kubernetes-security, 1
kubernetes-secrets, 2
embedded-kafka, 3
ls, 1
exit-code, 1
thingsboard, 2
gremlin, 2
ethereum, 1
bitcoin, 1
spark-structured-streaming, 2
mongodb-replica-set, 1
configmap, 2
angular-ui, 1
archlinux, 1
camel-jpa, 1
repeater, 1
advanced-custom-fields, 1
io-monad, 1
jibx, 1
maven-jibx, 1
tsql, 2
apache-beam, 1
rubular, 1
image-morphology, 1
doorkeeper, 1
guzzle, 1
guzzle6, 1
camunda-modeler, 2
yguard, 1
eclipse-photon, 1
jlink, 2
pebble, 1
text-parsing, 1
agents-jade, 1
agents, 1
prototypal-inheritance, 1
liveedit, 1
syslog, 1
schemaspy, 1
angular-cli-v6, 1
dynamic-scope, 1
scripting, 2
abaqus, 1
jscrollpane, 1
aws-load-balancer, 1
azure-eventhub, 2
subprocess, 1
ps, 1
dummy-variable, 1
graphiql, 2
http-status-code-503, 1
doctrine-orm, 1
symfony4, 1
doctrine-mapping, 1
chronicle, 1
chronicle-queue, 1
accelerometer, 1
url-design, 1
autogeneratecolumn, 1
epoch, 1
openstreetmap, 1
osmosis, 1
mssql-jdbc, 3
vaadin-flow, 4
att, 1
azure-devops, 1
azure-pipelines, 1
java.time.instant, 1
geckodriver, 1
dropdown, 1
github-api-v3, 1
dcos, 1
nd4j, 1
ext4, 1
aws-aurora, 1
corespotlight, 1
jquery-rails, 1
spring-integration-ip, 3
clojure-java-interop, 1
mariadb-connect-engine, 1
angular-httpclient, 1
pre-signed-url, 1
ubuntu-18.04, 1
anaconda, 1
react-spring, 10
firebase-authentication, 1
repast-simphony, 1
reactivesearch, 1
implements, 1
pentaho-report-designer, 1
dblink, 1
web-container, 1
javax.validation, 2
aws-iot, 1
istio, 4
google-cloud-build, 1
spring-cloud-gcp, 2
badsqlgrammarexception, 1
duration, 1
generic-programming, 3
federated, 1
pingaccess, 1
openfire, 1
mingw32, 1
zap, 2
false-positive, 1
thorntail, 1
java-11, 32
wicket-8, 1
spring-micrometer, 6
db2-zos, 1
computer-science, 1
wildcard, 1
python-xarray, 1
acsl, 1
rtools, 1
key-pair, 1
google-signin, 2
domain-events, 1
f5, 1
appstore-approval, 1
info.plist, 1
code-documentation, 1
three-tier, 1
webpacker, 1
add-on, 1
id, 1
acceptance, 1
vertxoptions, 1
systemctl, 1
alpine, 3
chaos, 1
monkey-testing, 1
configurationproperties, 2
slack, 1
slack-api, 1
cloud-sql-proxy, 2
hyper-v, 2
database-driven, 1
python-behave, 1
overflow, 1
factory-method, 1
hibernate-query, 1
docker-image, 1
depends, 1
serializable, 1
java-security, 1
java-security-manager, 1
xampp, 1
typeerror, 1
docker-maven-plugin, 2
dockerfile-maven-plugin, 1
versions-maven-plugin, 1
maxscale, 1
ghc, 1
fabric8-maven-plugin, 1
logback-classic, 2
vertx-verticle, 1
jsr380, 2
pact-jvm, 1
pact-broker, 1
org.json, 2
flowable, 1
spring-data-jpa-datatables, 2
epoll, 1
custom-exceptions, 2
drive-letter, 1
docker-network, 1
jogetworkflow, 1
markerclusterer, 1
react-native-maps, 1
metal, 1
multi-model-database, 1
postfix-mta, 1
subscriber, 1
react-navigation, 1
elastic-cache, 1
docker-secrets, 1
wicket-1.6, 1
java.time, 1
cmake, 1
akka-stream, 1
akka-http, 1
graphql-js, 1
karaf-maven-plugin, 1
android-download-manager, 1
strategy-pattern, 1
post-processor, 1
perspective, 1
spring-tools-4, 3
content-assist, 1
android-d8, 1
google-cloud-stackdriver, 2
mutual-authentication, 2
jbossts, 1
bootstrap-typeahead, 1
kotlin-reified-type-parameters, 1
theory, 1
continuations, 1
design-guidelines, 1
eclipse-hono, 1
spring-batch-job-monitoring, 1
azure-deployment, 1
mockk, 1
sonarlint-eclipse, 1
appdirect, 1
appium-android, 1
inline, 1
amazon-mq, 1
saga, 1
reddison, 1
binary-search-tree, 1
connectionexception, 1
datetime-parsing, 1
azure-aks, 1
distributed-tracing, 1
backoffice, 1
devops-services, 1
kubernetes-pod, 1
amazon-eks, 2
create-react-app, 1
gmavenplus, 1
oracle-rac, 1
amazon-linux, 1
spring-data-r2dbc, 2
r2dbc, 2
heroku-cli, 2
extentreports, 1
openfeint, 1
query-string, 1
aws-elasticsearch, 1
amazon-cloudformation, 1
aws-codestar, 1
dynamic-programming, 1
swagger-codegen-maven-plugin, 1
spring-internationalization, 1
graphdb, 1
jxbrowser, 1
ngif, 1
graphql-spqr, 1
parallel-testing, 1
iot, 1
playback, 1
cassandra-driver, 1
wowza, 1
colormap, 2
do-notation, 1
ioref, 1
kotlin-dsl, 1
graalvm, 1
webdriverwait, 1
camel-jms, 1
marklogic-9, 1
was, 1
moditect, 1
javafx-11, 1
weather, 1
python-datetime, 1
actions-on-google, 1
cheerio, 1
opencsv, 1
mongobee, 1
netbeans-9, 1
dom-events, 1
lstm, 1
word-embedding, 1
hyperledger-fabric, 1
hyperledger, 1
postgresql-11, 1
html-entities, 1
libraries, 1
data-migration, 1
angular-services, 1
graylog2, 1
unsubscribe, 1
adapter, 1
react-hooks, 3
overloading, 2
spring-cloud-zookeeper, 3
differential-equations, 2
odeint, 1
kotlin-fuel, 1
python-multithreading, 1
archunit, 1
graphing, 1
polar-coordinates, 1
vulas, 2
maven-extension, 1
github-graphql, 1
gatsby, 1
sinon, 1
kotlinx.coroutines, 1
aws-sam, 1
aws-sam-cli, 1
ios11, 1
junit-jupiter, 2
cache2k, 1
concatenation, 1
sslcontext, 1
frisby.js, 1
spring-cloud-kubernetes, 3
crc, 1
data-link-layer, 1
jwk, 1
fastjson, 1
linear-regression, 1
blockchain, 1
facet-grid, 1
spring-kafka-test, 2
azure-functions-core-tools, 1
jcaptcha, 1
byte-order-mark, 1
numberformatexception, 1
atlassian-sourcetree, 1
ksql, 2
jquery-ui-autocomplete, 1
gitlab-ci-runner, 2
azure-management-api, 1
rocksdb, 2
cypress, 1
jenkins--x, 1
method-chaining, 1
hana-cloud-platform, 1
coalesce, 1
react-fullstack, 1
docker-toolbox, 1
ios12, 1
xcuitest, 1
xcode10.1, 1
aws-documentdb-mongoapi, 1
primeng, 2
anime.js, 2
vhosts, 1
customvalidator, 1
openssh, 1
rfc3986, 2
graphml, 1
spring-batch-excel, 1
monitor, 1
chaco, 1
xmltodict, 1
bioservices, 1
spark-redshift, 1
perl6, 1
circleci-2.0, 1
ruta, 1
ta-lib, 1
continuous-delivery, 1
functional-interface, 1
react-native-animatable, 1
spring-boot-jpa, 2
classloading, 1
maven-install, 1
react-admin, 1
csl, 1
license-key, 2
uncaught-exception, 1
defaultview, 1
vault-maven-plugin, 1
condition, 1
licenses.licx, 1
aws-batch, 1
google-container-builder, 1
type-inference, 1
compiler-bug, 1
solrcloud, 1
aem-touch-ui, 1
relation, 1
custom-wordpress-pages, 1
state-machine-workflow, 1
azure-monitoring, 1
ocaml, 1
package.json, 1
oracle-cdc, 1
mounted-volumes, 1
system, 1
glm-math, 1
angular7, 2
jfr, 1
pac4j, 1
uwp-xaml, 1
haskell-stack, 1
nixos, 1
adal4j, 1
stringr, 1
devtools, 1
phylogeny, 1
spring-cloud-function, 3
spark-sftp, 1
multiple-schema, 1
dynamics-crm, 1
dynamics-crm-2011, 1
microsoft-dynamics, 1
restore, 1
codec, 1
jshell, 1
openresty, 1
addeventlistener, 1
apollo, 1
react-apollo, 1
certificate-revocation, 1
type-mismatch, 1
gmail-imap, 1
kubernetes-deployment, 1
ektorp, 1
nginx-reverse-proxy, 1
spring-webclient, 1
protobuf-java, 1
spring-cloud-deployer-kubernetes, 1
lftp, 1
aether, 1
ipc, 1
precompile, 1
docker-volume, 1
vacuum, 1
