Android,MaTriXy/RxRecyclerView
Android,erikthorselius/Skycons
Android,andreasjacobsen93/Skycons-for-Xamarin.Android
Android,iambas/Bluetooth-LE-Library---Android
Android,dlage/Bluetooth-LE-Library---Android
Android,leedsd/Bluetooth-LE-Library---Android
Android,abhishekkumardwivedi/Bluetooth-LE-Library---Android
Android,joeyvanderbie/Bluetooth-LE-Library---Android
Android,Pixplicity/Bluetooth-LE-Library---Android
Android,cheolhee/Bluetooth-LE-Library---Android
Android,TylerCarberry/ListOfThings
Android,xiaofei-dev/android-percent-support-extend
Android,ChinaCoolder/android-percent-support-extend
Android,bryant1410/android-percent-support-extend
Android,lcf2013/android-percent-support-extend
Android,SemonCat/android-percent-support-extend
Android,HKMOpen/android-percent-support-extend
Android,Garzas/JavaWebsocketClient
Android,rs146/JavaWebsocketClient
Android,MaTriXy/JavaWebsocketClient
Android,MrSewerPickle/wwmmo
Android,xeddmc/wwmmo
Android,Sydroid-Shi/wwmmo
Android,sotaof/wwmmo
Android,Tyrix/AppStarter
Android,github-tongchen/mosby
Android,pymetrics/mosby
Android,gaulazat/mosby
Android,gmetal/mosby
Android,MaximPestryakov/mosby
Android,mseroczynski/mosby
Android,guyca/mosby
Android,su3233/mosby
Android,johnwilde/mosby
Android,nick252/mosby
Android,atarasenko/mosby
Android,nikhilmaurya10/mosby
Android,Sherchen/ArchitectureTemplate
Android,lenguyenthanh/mosby
Android,maoqis/mosby
Android,leonardo2204/mosby
Android,drampelt/mosby
Android,sswierczek/mosby
Android,MaTriXy/mosby
Android,PaulWoitaschek/mosby
Android,robl2e/mosby
Android,heralight/mosby
Android,NikolajLund/mosby
Android,2050utopia/mosby
Android,guyschaos/mosby
Android,d1m0nh/mosby
Android,liangrk/AndroidStudyCode
Android,supernatural/ADBKeyBoard
Android,plateaukao/ADBKeyBoard
Android,haoyaogang/ADBKeyBoard
Android,emanresusername/ADBKeyBoard
Android,ddook007/ADBKeyBoard
Android,OsBelief/ADBKeyBoard
Android,NeverMorer/ExoMedia
Android,harenj/ExoMedia
Android,creadoit/ExoMedia
Android,ccrama/ExoMedia
Android,GlennioTech/CustomExoMedia
Android,ishandutta2007/ExoMedia
Android,PonnamKarthik/ExoMedia
Android,tb-yangshu/ExoMedia
Android,sangcomz/ExoMedia
Android,httpdispatch/ExoMedia
Android,castbox/ExoMedia
Android,OrdonTeam/ExoMedia
Android,hadifar/ExoMedia
Android,MaTriXy/ExoMedia
Android,billyjoker/ExoMedia
Android,pratap-c1/ExoMedia
Android,volser/ExoMedia
Android,eneim/ExoMedia
Android,AmpMe/ExoMedia
Android,Subsplash/ExoMedia
Android,msnbc-devices/ExoMedia
Android,LiuDeng/ExoMedia
Android,t-kashima/ExoMedia
Android,MercuryIntermedia/ExoMedia
Android,VAdaihiep/ExoMedia
Android,sheikhspeare/android-PlacesAutocompleteTextView
Android,deepakbajpay/android-PlacesAutocompleteTextView
Android,cstarner/android-PlacesAutocompleteTextView
Android,erikswed/android-PlacesAutocompleteTextView
Android,joielechong/android-PlacesAutocompleteTextView
Android,cwetherly/android-PlacesAutocompleteTextView
Android,jmedgar2000/android-PlacesAutocompleteTextView
Android,Stocard/android-PlacesAutocompleteTextView
Android,yiuc/hn-android
Android,mechdome/hn-ios
Android,luiscruz/hn-android
Android,tbroadley/hn-android
Android,ocdtrekkie/hn-android
Android,sandeshdamkondwar/hn-android
Android,hsnu310663/hn-android
Android,why791210/hn-android
Android,bahrunnur/hn-android
Android,asafh/hn-android
Android,sookcha/hn-android
Android,alexshr/OfflineSampleApp
Android,yaroslav-shlapak/OfflineSampleApp
Android,jameer-mulani/AndroidPushNotificationsDemo
Android,luzhongxu/AndroidPushNotificationsDemo
Android,learnerhouse/AndroidPushNotificationsDemo
Android,lidocan2012/AndroidPushNotificationsDemo
Android,zhangxinxin/AndroidPushNotificationsDemo
Android,bartvdo/AndroidPushNotificationsDemo
Android,nridwans/NumberPicker
Android,MeinLieberScholli/NumberPicker
Android,adrielcafe/NumberPicker
Android,edinofricaniago/NumberPicker
Android,planeer/NumberPicker
Android,Maizer/NumberPicker
Android,DonaldDu/NumberPicker
Android,rockaport/NumberPicker
Android,abondarew/NumberPicker
Android,FarshidABZ/NumberPicker
Android,dotrgle/MVPvsMVVM
Android,jpgpuyo/MVPvsMVVM
Android,ArtsiomCh/MVPvsMVVM
Android,sgaikar1/MVPvsMVVM
Android,yelomo/MapNavigator
Android,sbelloz/MapNavigator
Android,tonilopezmr/MapNavigator
Android,MaTriXy/MapNavigator
Android,iQuick/Bigbang
Android,brainweiyi/NewXmPluginSDK
Android,niulinlnc/NewXmPluginSDK
Android,dingshaoran/NewXmPluginSDK
Android,evansherry/NewXmPluginSDK
Android,ohdroid/NewXmPluginSDK
Android,normanren/NewXmPluginSDK
Android,wangyeming/NewXmPluginSDK
Android,xieweiming1990/NewXmPluginSDK
Android,milbai/NewXmPluginSDK
Android,Aholicknight/frostwire
Android,muckachina/frostwire
Android,xwaitalonec/frostwire
Android,jessy100/frostwire
Android,hanklank/frostwire
Android,Yerath/frostwire
Android,AndroidDeveloperLB/material-sheet-fab
Android,creativedrewy/material-sheet-fab
Android,vfishv/material-sheet-fab
Android,devjn/material-sheet-fab
Android,masc3d/material-sheet-fab
Android,Seishin/material-sheet-fab
Android,agrosner/material-sheet-fab
Android,MaTriXy/material-sheet-fab
Android,prabel/material-sheet-fab
Android,makeabledk/OpenGraphView
Android,Bengt/HorizontalPicker
Android,VanshilShah/Pokemap
Android,ManojMadanmohan/Pokemap
Android,betrisey/Pokemap
Android,kwmt/RecyclerTabLayout
Android,toidv/RecyclerTabLayout
Android,HuangJAndroid/RecyclerTabLayout
Android,cyburs/RecyclerTabLayout
Android,elliptic1/Applozic-Android-SDK
Android,ljt970914/Applozic-Android-SDK
Android,fentonmartin/Applozic-Android-SDK
Android,KibarSoft/Applozic-Android-SDK
Android,wakinochien/Applozic-Android-SDK
Android,wishtrip-dev/Applozic-Android-SDK
Android,lawanfalalu/Applozic-Android-SDK
Android,ServiceHeroes/Applozic-Android-SDK
Android,tapanInexture/Applozic-Android-SDK
Android,Optimum2/Applozic-Android-SDK
Android,farmrise-android/Applozic-Android-SDK
Android,guillermolechuga/Applozic-Android-SDK
Android,veta90/Applozic-Android-SDK
Android,devashishmamgain/Applozic-Android-SDK
Android,prashant31191/Applozic-Android-SDK
Android,morristech/Applozic-Android-SDK
Android,amiteshP/Applozic-Android-SDK
Android,abhiroj/Applozic-Android-SDK
Android,gitter-badger/Applozic-Android-SDK
Android,anuranjit/Applozic-Android-SDK
Android,amanpwl92/Applozic-Android-SDK
Android,greenaddress/PasswordEditText
Android,inferjay/PasswordEditText
Android,kommradHomer/PasswordEditText
Android,dan0xii/TextFieldBoxes
Android,JyunTimLu/TextFieldBoxes
Android,rohitshahane93/TextFieldBoxes
Android,rovkinmax/TextFieldBoxes
Android,inflim/TextFieldBoxes
Android,crisolutions/TextFieldBoxes
Android,harrynull/TextFieldBoxes
Android,kozlovsas/diva-android
Android,klee94/diva-android
Android,stupidly-logical/diva-android
Android,Custodela/diva-android
Android,dineshshetty/diva-android
Android,gaetanmaisse/diva-android
Android,sudhackar/diva-android
Android,san-2101/diva-android
Android,pratamawijaya/diva-android
Android,M66B/sqlite-android
Android,rolends1986/sqlite-android
Android,gazman-sdk/sqlite-android
Android,georgi-neykov-hub/sqlite-android
Android,litesync/sqlite-android
Android,NextFaze/sqlite-android-rtree
Android,skrishnaprasad/sqlite-android
Android,masc3d/sqlite-android
Android,vinaysshenoy/sqlite-android
Android,Fabrik19/sqlite-android
Android,molikto/sqlite-android
Android,MaTriXy/sqlite-android
Android,murat8505/SwipeToDismissNOA
Android,since2014/SwipeToDismissNOA
Android,ALEXGUOQ/SwipeToDismissNOA
Android,vivekgidmare/SwipeToDismissNOA
Android,David-Development/SwipeToDismissNOA
Android,johntheripp3r/SwipeToDismissNOA
Android,Claude-H/SwipeToDismissNOA
Android,simsgj/SwipeToDismissNOA
Android,morristech/SwipeToDismissNOA
Android,christophecommon/SwipeToDismissNOA
Android,dreamingbinary/SwipeToDismissNOA
Android,vgershman/SwipeToDismissNOA
Android,Newbilius/SwipeToDismissNOA
Android,MaTriXy/SwipeToDismissNOA
Android,achellies/SwipeToDismissNOA
Android,lj694580957/SwipeToDismissNOA
Android,mediaVISION/SwipeToDismissNOA
Android,nagoya0/SwipeToDismissNOA
Android,luciofm/SwipeToDismissNOA
Android,firisoft/TarsosDSP
Android,Waracle/TarsosDSP
Android,HelgeStenstrom/TarsosDSP
Android,rtyley/TarsosDSP
Android,sjkrsmith/TarsosDSP
Android,nybbs2003/TarsosDSP
Android,davidfoerster/TarsosDSP
Android,KyuBlade/TarsosDSP
Android,jhuus/TarsosDSP
Android,synopia/TarsosDSP
Android,wimjongman/TarsosDSP
Android,sinoohe/TarsosDSP
Android,melophonic/TarsosDSP
Android,Gomat/TarsosDSP
Android,srubin/TarsosDSP
Android,tristanjuricek/TarsosDSP
Android,Ultar/TarsosDSP
Android,kabayan/TarsosDSP
Android,gregor9494/RichPath
Android,yatindeokar/RichPath
Android,edison-xiao/RichPath
Android,Jekriada/RichPath
Android,Cuieney/RichPath
Android,wm0124/RichPath
Android,ChinaVolvocars/RichPath
Android,Zzechen/RichPath
Android,AmrElmasry/RichPath
Android,zty5678/RichPath
Android,aaaliua/RichPath
Android,szn0212/RichPath
Android,huyongqiang/RichPath
Android,RyanFu/RichPath
Android,rubinnellikunnathu/RichPath
Android,rrinat/CustomizableCalendar
Android,RiyazTY/CustomizableCalendar
Android,bkach/CustomizableCalendar
Android,mobilefolk/BabushkaText
Android,fingerMask/init
Android,lucianobustos/appsly-android-rest
Android,amuniz/appsly-android-rest
Android,ymmah/token-core-android
Android,pzhangleo/token-core-android
Android,passos/token-core-android
Android,waws80/Hermes
Android,xuexiangjys/Hermes
Android,yanfulei/Hermes
Android,xiuxiuing/Hermes
Android,yisitao/Hermes
Android,PiotrBandurski/bee
Android,MaTriXy/bee
Android,AndroidBase/CircularBarPager
Android,rafirrr/FoldingNavigationDrawer-Android
Android,slovx2/YiBo
Android,yaosj2k/YiBo
Android,2kpurple/YiBo
Android,onlinehack/YiBo
Android,RongjieChen/YiBo
Android,jekey/YiBo
Android,feng88724/YiBo
Android,unidevel/YiBo
Android,kdeplus/YiBo
Android,dawndiy/YiBo
Android,jackdu/YiBo
Android,mcxiaoke/KSYStreamer_Android
Android,rjolly/ruboto-irb
Android,donv/ruboto-irb
Android,nishidayuya/ruboto-irb
Android,jackowayed/ruboto-irb
Android,JeremyHwc/alicloud-android-demo
Android,gameboys84/alicloud-android-demo
Android,javatomato/alicloud-android-demo
Android,GaurangaDasa/gif-movie-view
Android,Tobiaqs/gif-movie-view
Android,yongjhih/docker-classyshark
Android,myroid/android-classyshark
Android,tiwiz/android-classyshark
Android,senthilkm/android-classyshark
Android,bolabola/lens-launcher
Android,aloha1003/Notifi
Android,KoMinkyu/Notifi
Android,bryant1410/Notifi
Android,BroadcastGames/Notifi
Android,paphonb/Notifi_API23
Android,bagza/login-basics
Android,hayate891/ChaseWhisplyProject
Android,womotofo/ChaseWhisplyProject
Android,neozoik/ChaseWhisplyProject
Android,yoome/ChaseWhisplyProject
Android,vAlmaraz/ChaseWhisplyProject
Android,MaTriXy/AnimatedPathView
Android,Inairce/HiPermission
Android,fgdxgb/HiPermission
Android,xiaominglei001/HiPermission
Android,SuperZed/HiPermission
Android,mxpazyj/HiPermission
Android,shucc/HiPermission
Android,Droppers/spotify-web-api-android
Android,ericcparsons/spotify-web-api-android
Android,StevenHoutenbos/spotify-web-api-android
Android,xolider/spotify-web-api-android
Android,baizel/spotify-web-api-android
Android,andreiborodin/spotify-web-api-android
Android,srivanov/spotify-web-api-android
Android,AlexBravo/spotify-web-api-android
Android,aferguson14/spotify-web-api-android
Android,czaarek99/spotify-web-api-android
Android,Chuckytuh/spotify-web-api-android
Android,kabouzeid/spotify-web-api-android
Android,StErMi/spotify-web-api-android
Android,remcomokveld/spotify-web-api-android
Android,sregg/spotify-web-api-android
Android,JoseeRen/Android-ImagesPickers
Android,TsaiYongChuan/RandomTextView
Android,rachna-chauhan/rkcdd
Android,nuvo-legrand/android-fb-like-slideout-navigation
Android,InQBarna/android-fb-like-slideout-navigation
Android,huangxiangdan/android-fb-like-slideout-navigation
Android,lingwei0604/FilterMenu
Android,ShelbyYu/FilterMenu
Android,Volcanoscar/FilterMenu
Android,Jeepend/FilterMenu
Android,datalink747/FilterMenu
Android,devjta/SilkySignature
Android,mirego/SilkySignature
Android,YangForWork/SilkySignature
Android,boomesh/SweetBlue
Android,pellet/SweetBlue
Android,TheTypoMaster/SweetBlue
Android,c10h22/SweetBlue
Android,king6cong/ImageTransition
Android,bskim45/ItemAnimators
Android,HeHongdanLive/quickscroll
Android,royale1223/quickscroll
Android,bilthon/quickscroll
Android,RabbeN/quickscroll
Android,willowtreeapps/quickscroll
Android,javaeryang/SandHook
Android,2-young-2-simple/SandHook
Android,chago/SandHook
Android,fashioncj/SandHook
Android,fengjixuchui/SandHook
Android,markjian/SandHook
Android,swchoi0102/AndroidTensorFlowMNISTExample
Android,moonfish11/AndroidTensorFlowMNISTExample
Android,meinside/AndroidTensorFlowMNISTExample
Android,bryant1410/AndroidTvBoilerplate
Android,KorsanSoftware/storage-chooser
Android,tsinglee0906/storage-chooser
Android,kaditya679/storage-chooser
Android,systembugtj/storage-chooser
Android,jamesdeperio/storage-chooser
Android,OSpoon/storage-chooser
Android,Tolriq/storage-chooser
Android,rahulpopuri/storage-chooser
Android,maprice/Reactive-Billing
Android,JohnWowUs/Reactive-Billing
Android,ksc91u/Reactive-Billing
Android,polydice/Reactive-Billing
Android,teemu-rossi/Reactive-Billing
Android,richarddd/Reactive-Billing
Android,storypark/RxBilling
Android,megshao/Reactive-Billing
Android,dhartwich1991/Reactive-Billing
Android,harrylefit/MultiSnapRecyclerView
Android,Fe-Ordan/MultiSnapRecyclerView
Android,MaTriXy/MultiSnapRecyclerView
Android,felixdivo/SlyceMessaging
Android,custanator/SlyceMessaging
Android,geotracsystems/SlyceMessaging
Android,mam1101/SlyceMessaging
Android,xero88/SlyceMessaging
Android,Eifelschaf/SlyceMessaging
Android,RobertGolosynsky/SlyceMessaging
Android,rkreager/SlyceMessaging
Android,joanb/SlyceMessaging
Android,rajohns08/SlyceMessaging
Android,rocel/SlyceMessaging
Android,sambains/SlyceMessaging
Android,mkoslacz/SlyceMessaging
Android,MatthewTPage/SlyceMessaging
Android,atroutt/SlyceMessaging
Android,297179121/android-wifi
Android,thelodgeatringgold/android-wifi-connecter
Android,QitmentX7/android-wifi-connecter
Android,LisonLiou/GankApp
Android,yswheye/GankApp-Retrofit-Rxjava
Android,LanSenJia/sample-tensorflow-imageclassifier
Android,hrdzkj/sample-tensorflow-imageclassifier
Android,emboss369/sample-tensorflow-imageclassifier
Android,UkiDLucas/Android-TensorFlow-Image-Classifier
Android,waynepiekarski/green-robot-tensorflow-imageclassifier
Android,kausk/sample-tensorflow-imageclassifier
Android,YuchengWang/sample-tensorflow-imageclassifier
Android,johnweber/sample-tensorflow-imageclassifier
Android,AlanLiu96/sample-tensorflow-imageclassifier
Android,riggaroo/sample-tensorflow-imageclassifier
Android,Ahmed012345/RotatingText
Android,Kaishu-Sahu/RotatingText
Android,rhlmshr/show-case-card-view
Android,womaniya-tech/show-case-card-view
Android,zedge/show-case-card-view
Android,chiinau/android-about-page
Android,iavstudents/android-about-page
Android,munix/android-about-page
Android,Ahmed012345/android-about-page
Android,bhargav191098/android-about-page
Android,bilthon/android-about-page
Android,mohamadjavadvesali/android-about-page
Android,MaTriXy/android-about-page
Android,drogbababa/android-about-page
Android,ichurkin/android-about-page
Android,sunxu3074/android-about-page
Android,karmil32/android-about-page
Android,tamzi/android-about-page
Android,zhaochunqi/zhaochunqi-about-page
Android,tstenvold/android-about-page
Android,NumezmaT/android-about-page
Android,mIbrahim017/android-about-page
Android,arthurpalves/PagingListView
Android,McGars/PagingListView
Android,gonzalomelov/PagingListView
Android,krawa/PagingListView
Android,polok/PagingListView
Android,Fe-Ordan/PopupList
Android,simoarpe/FlabbyListView
Android,zondaOf2012/FlabbyListView
Android,meekimobile/emojicon
Android,IHNEL/emojicon
Android,himamis/emojicon
Android,castaclip/emojicon
Android,loftywaif002/emojicon
Android,muneikh/emojicon
Android,dEn13L/emojicon
Android,fabioranieri/emojicon
Android,kinkoi/emojicon
Android,bliveinhack/emojicon
Android,firexel/emojicon
Android,rexi1r/emojicon
Android,lovetyq/flutter_image_cropper
Android,dvasea1/flutter_image_cropper
Android,shexiong/flutter_image_cropper
Android,shingohu/flutter_image_cropper
Android,devslane/flutter_image_cropper
Android,gzhongcheng/flutter_image_cropper
Android,zileyuan/flutter_image_cropper
Android,long1eu/flutter_image_cropper
Android,wys619/flutter_image_cropper
Android,ozeksi/flutter_image_cropper
Android,MiaYi/flutter_image_cropper
Android,itrofimow/flutter_image_cropper
Android,YourFavouriteOreo/flutter_image_cropper
Android,IhorKlimov/flutter_image_cropper
Android,sagely/flutter_image_cropper
Android,emiliofonseca/flutter_image_cropper
Android,MyGitHubFork/wcl-permission-demo
Android,Z-bm/wcl-permission-demo
Android,gzz8898/wcl-permission-demo
Android,williamjie/wcl-permission-demo
Android,vb0067/wcl-permission-demo
Android,fifa0329/wcl-permission-demo
Android,ericchen321/FlowDroid
Android,nkllkc/FlowDroid
Android,fredfeng/FlowDroid
Android,curatorjin/FlowDroid
Android,izgzhen/FlowDroid
Android,plast-lab/FlowDroid
Android,yang-guangliang/FlowDroid
Android,miguelvelezmj25/FlowDroid
Android,omuomugin/FlowDroid
Android,linghuiluo/FlowDroid
Android,imrepapp/react-native-ble
Android,medeo/react-native-ble
Android,Chzzs/react-native-ble
Android,dkgramming/react-native-ble
Android,brycejacobs/react-native-ble
Android,connected-swu/react-native-ble
Android,jmfirth/react-native-ble
Android,seanfuture/react-native-ble
Android,devgeniem/react-native-ble
Android,BaloMueller/react-native-ble
Android,pebblecode/react-native-ble
Android,dsczs/OkHttpUtils
Android,Applefruits/NoHttp
Android,laishidejiyi/NoHttp
Android,itchengguo/NoHttp
Android,LiqiNew/NoHttp
Android,walcl/NoHttp
Android,hanfengzqh/NoHttp
Android,victor8886/NoHttp
Android,tiancaijyy/NoHttp
Android,qingsong-xu/NoHttp
Android,q805699513/NoHttp
Android,ZhengTaiChen/NoHttp
Android,YK1007/NoHttp
Android,qazhuhuihao/NoHttp
Android,yyknobb/NoHttp
Android,thuanbk2010/markers
Android,metasophiea/markers
Android,unowhy-sqool/markers
Android,rawcoder/markers
Android,syzh120/markers
Android,shine-chen/markers
Android,chiuki/markers
Android,VoteBrian/markers
Android,geopaparazzi/markers
Android,stephenrjohnson/sentry-java
Android,mihakrajnc/sentry-java
Android,GravitLauncher/sentry-java
Android,SerCeMan/sentry-java
Android,myPinPad/sentry-java
Android,Zocdoc/sentry-java
Android,erhangullu/sentry-java
Android,nesterov-n/sentry-java
Android,mbyczkowski/sentry-java
Android,linakis/sentry-java
Android,Hazer/sentry-java
Android,d0tplist/sentry-java
Android,kalaspuffar/sentry-java
Android,jpfmscel/sentry-java
Android,ruZZil/sentry-java
Android,brrprr/sentry-java
Android,FalseHonesty/sentry-java
Android,amitjoy/sentry-java
Android,Syhids/sentry-java
Android,linglongscru/sentry-java
Android,savva-k/raven-java
Android,dudifarmigo/raven-java
Android,JeremR/raven-java
Android,davidebz/raven-java
Android,siyouqiang/raven-java
Android,mephaust/raven-java
Android,vgarmash/raven-java
Android,patrickfav/raven-java
Android,jonmcewen/raven-java
Android,NLthijs48/raven-java
Android,FlakyTestDetection/raven-java
Android,Pozo/raven-java
Android,mpecan/raven-java
Android,OutOfBrain/raven-java
Android,barogi/raven-java
Android,matthew-gerstman/raven-java
Android,mach-energy/raven-java
Android,caojia/raven-java
Android,aldenquimby/raven-java
Android,flmendes/raven-java
Android,exell-christopher/raven-java
Android,c2j/raven-java
Android,zazrivec/raven-java
Android,reki2000/raven-java6
Android,johnistan/raven-java
Android,testvidya11/raven-java
Android,werkshy/raven-java
Android,khendo/raven-java
Android,fragaria/raven-java
Android,yext/raven-java
Android,Unimarket/raven-java
Android,SentiOne/raven-java
Android,Docurated/raven-java
Android,ccouturi/raven-java
Android,guetux/raven-java
Android,eventbrite/raven-java
Android,vvasabi/raven-java
Android,aeells/raven-java
Android,guptanavendu/raven-java
Android,wenmin92/ExpandableLayout
Android,HITGIF/ExpandableLayout
Android,int02h/android-gif-drawable
Android,clyfish/android-gif-drawable
Android,RooyeKhat-Media/android-gif-drawable
Android,searchy2/android-gif-drawable
Android,RealJianhua/android-gif-drawable
Android,Akylas/android-gif-drawable
Android,anders3408/android-gif-drawable
Android,bluepeople1/android-gif-drawable
Android,MaTriXy/android-gif-drawable
Android,zhaoxy2850/android-gif-drawable
Android,playbar/android-gif-drawable
Android,bearprada/android-gif-drawable
Android,gaeeyo/android-gif-drawable
Android,andforce/android-gif-drawable
Android,sethgho/android-gif-drawable
Android,Sellegit/android-gif-drawable
Android,gaoshunsheng/android-gif-drawable
Android,SpecialCyCi/android-gif-drawable
Android,DroidsOnRoids/android-gif-drawable
Android,tobymurray/easymock
Android,letscodehu/easymock
Android,Jungster124/easymock
Android,juherr/easymock
Android,dongming/easymock
Android,xdrop/easymock
Android,arykov/easymock
Android,SumithHSE/easymock
Android,whatkai/easymock
Android,lmtoo/easymock
Android,danners/easymock
Android,satyaprakashbiis2004/easymock
Android,daff1988/easymock
Android,jiezzy/easymock
Android,xiongxi/easymock
Android,sduxzz/easymock
Android,hellolee/easymock
Android,xiaowu1002430026/easymock
Android,v-shishlakov/easymock
Android,MyOwnClone/easymock
Android,zcjwyh/easymock
Android,kleopatra999/easymock
Android,zhoushengshuai/easymock
Android,john0xff/easymock
Android,navindian/easymock
Android,Pirate-Captain/easymock
Android,abh-gitcs1989/easymock
Android,vikkastaneja/easymock
Android,rajasekhar-palacharla/easymock
Android,hz-han/easymock
Android,laijunhui/easymock
Android,HeidCloud/easymock
Android,mauricionobrega/easymock
Android,h87kg/easymock
Android,ADG99/easymock
Android,jzmq/easymock
Android,sungsoo/easymock
Android,zhaow7/easymock
Android,sirithink/easymock
Android,sumidatx/easymock
Android,facebookarchive/easymock
Android,tdrhq/easymock
Android,robeden/easymock
Android,marciopd/easymock
Android,wangxue/swipeitemlayout
Android,betterclever/open-event-orga-app
Android,jodiwaljay/open-event-orga-app
Android,learnopensourc/open-event-orga-app
Android,BakirK/open-event-orga-app
Android,panickervinod/open-event-orga-app
Android,aayusharora/open-event-orga-app
Android,niranjan94/open-event-orga-app
Android,neocrypto-io/riot-android
Android,Luxorq/riot-android
Android,Awesome-Technologies/riot-android
Android,TESLAA/riot-android
Android,pengjinning/riot-android
Android,dinsic-pim/tchap-android
Android,s-duffey/riot-android
Android,vishnuvaradaraj/riot-android
Android,wiresafe/riot-android
Android,keithzg/riot-android
Android,CySlider/riot-android
Android,noepitome/neon-android
Android,slipeer/riot-android
Android,bartekn80/vector-android
Android,coletivoEITA/vector-android
Android,suzp1984/vector-android
Android,f1egmatik/vector-android
Android,vt0r/vector-android
Android,fanturbo/QRCodeReaderView
Android,fredyk/QRCodeReaderView
Android,COVISART/BekciTakip
Android,wetickets/QRCodeReaderView
Android,ooftf/QRCodeReaderView
Android,Guang1234567/QRCodeReaderView
Android,William930930/QRCodeReaderView
Android,LiangShuhua123/QRCodeReaderView
Android,K0rTy/QRCodeReaderView
Android,poqw/QRCodeReaderView
Android,aShaforostov/QRCodeReaderView
Android,NateZ7/QRCodeReaderView
Android,loctra/QRCodeReaderView
Android,SasaJug/QRCodeReaderView
Android,Gira-X/QRCodeReaderView
Android,FancyPixel/QRCodeReaderView
Android,arok/QRCodeReaderView
Android,sadiq81/QRCodeReaderView
Android,LiuQhahah/QRCodeReaderView
Android,enriquebits/QRCodeReaderView
Android,Merlinkoss/QRCodeReaderView
Android,bluepine/QRCodeReaderView
Android,PeterEdens/QRCodeReaderView
Android,Digitalisma/QRCodeReaderView
Android,ashishgaurav13/QRCodeReaderView
Android,hifenhur/QRCodeReaderView
Android,TonyTangAndroid/Secured-Preference-Store
Android,EdgarJan/Secured-Preference-Store
Android,vtproduction/Secured-Preference-Store
Android,jayjaykim/Secured-Preference-Store
Android,airmap/Secured-Preference-Store
Android,sabrina-li/webview
Android,knows1/webview
Android,ssavva05/webview_A
Android,shaqman/webview
Android,Adonai/convalida-extended
Android,nyholmsolutions/phonegap-nfc
Android,simplifier-ag/phonegap-nfc
Android,rastafan/phonegap-nfc
Android,zhufengcn/phonegap-nfc
Android,dasoft/phonegap-nfc
Android,RedEars/phonegap-nfc
Android,DirkHeinke/phonegap-nfc
Android,kas84/phonegap-nfc
Android,iotize-sas/device-com-nfc.cordova
Android,thinfilm/phonegap-nfc
Android,vially/phonegap-nfc
Android,fredmaggiowski/phonegap-nfc
Android,HannesHentzschel/phonegap-nfc
Android,mario83/phonegap-nfc
Android,tartinesKiller/phonegap-nfc
Android,jamesanglin/phonegap-nfc
Android,lcexxihn/phonegap-nfc
Android,dasgib/phonegap-nfc
Android,MichaelM5/phonegap-nfc
Android,as-eldlc/phonegap-nfc-isodep
Android,asoltys/phonegap-nfc
Android,UntappdLegacy/phonegap-nfc
Android,scottire/phonegap-nfc
Android,betancourtfran/phonegap-nfc
Android,dejancencelj/phonegap-nfc
Android,k00na/phonegap-nfc
Android,macio-gmbh/phonegap-nfc
Android,BastianBoerschig/phonegap-nfc
Android,davidohalloran/phonegap-nfc
Android,ricardovalezan/phonegap-nfc
Android,rombit-be/phonegap-nfc
Android,grzegorznosek90/phonegap-nfc
Android,iParqDevelopers/phonegap-nfc
Android,wesleyvandevoorde/phonegap-nfc
Android,aes-dev/phonegap-nfc
Android,Lughino/phonegap-nfc
Android,domonoky/phonegap-nfc
Android,tomkelsey/phonegap-nfc
Android,tblanchard/phonegap-nfc
Android,mindhells/phonegap-nfc
Android,OutSystems/phonegap-nfc
Android,seeschloss/phonegap-nfc
Android,Sokarion/phonegap-nfc
Android,clarklight/phonegap-nfc
Android,jmorille/phonegap-nfc
Android,issacsonjj/phonegap-nfc
Android,MorningCoffeeDev/phonegap-nfc
Android,Movenium/phonegap-nfc
Android,fuulaluuf/phonegap-nfc
Android,Anthbs/phonegap-nfc
Android,GleasonTech/phonegap-nfc
Android,ryupold/phonegap-nfc
Android,angrywindsoffice/phonegap-nfc
Android,Telerik-Verified-Plugins/NFC
Android,zdenal/phonegap-nfc
Android,jalbersol/phonegap-nfc
Android,joepegler/phonegap-nfc-aes
Android,raytracer/phonegap-nfc
Android,raffaelebotta/PhoneGap-Android-WaitingDialogPlugin
Android,floutchito/phonegap-nfc
Android,oaugustus/phonegap-nfc
Android,Skielex/phonegap-nfc
Android,semiaddict/phonegap-nfc
Android,SunHowe/FakeGPS
Android,sonic74/GPSd-client
Android,gavinliu/FakeGPS-PokemonGo
Android,ivan19871002/FakeGPS
Android,ernymarvind/FireworkyPullToRefresh
Android,moonfish11/FireworkyPullToRefresh
Android,AskViky/FriendCircle
Android,DuXelloss/FriendCircle
Android,AndroidWx/FriendCircle
Android,sweet811/FriendCircle
Android,supercoeus/FriendCircle
Android,magicgis/FriendCircle
Android,zhizuyiwang/FriendCircle
Android,xiashilin/FriendCircle
Android,lyuzhicheng/FriendCircle
Android,zhangjun2/FriendCircle
Android,muyoumingzi/FriendCircle
Android,maninwindow/FriendCircle
Android,serge66/FriendCircle
Android,justafreshman/FriendCircle
Android,blueflychief/FriendCircle
Android,MoonHoo/FriendCircle
Android,matrixxun/FriendCircle
Android,znlxj/FriendCircle
Android,yafrees/FriendCircle
Android,androidDamon/FriendCircle
Android,lstNull/FriendCircle
Android,aijie1712/FriendCircle
Android,widegalaxy/FriendCircle
Android,zhuwenquan/FriendCircle
Android,Neils320/FriendCircle
Android,rouruanfengshuye/FriendCircle
Android,TomBXChen/FriendCircle
Android,kyoucr/FriendCircle
Android,wangchang163/FriendCircle
Android,daxiaohuzi/FriendCircle
Android,Roby8023/FriendCircle
Android,AndroidJiang/FriendCircle
Android,thereisnothing/FriendCircle
Android,Hc-hans/FriendCircle
Android,HFATFAT/FriendCircle
Android,batman-dev/FriendCircle
Android,omusico/FriendCircle
Android,kevenyang/FriendCircle
Android,wlmxj/FriendCircle
Android,Ruijiao/FriendCircle
Android,MazohMa/FriendCircle
Android,zuoweitan/FriendCircle
Android,huangwm1984/FriendCircle
Android,LinQingWei/FriendCircle
Android,tangshengjun/FriendCircle
Android,jackyglony/FriendCircle
Android,yznfl/FriendCircle
Android,JorgeDLS/Nibo
Android,mohsenk/RippleEffect
Android,mhdr/RippleEffect
Android,KDisEDDY/RippleEffect
Android,mayemonkey/RippleEffect
Android,patrickpissurno/RippleEffect
Android,mirego/RippleEffect
Android,songnob/RippleEffect
Android,isanwenyu/RippleEffect
Android,GIGAFortress/RippleEffect
Android,Hitta/RippleEffect
Android,nvelasquez/RippleEffect
Android,SDILogin/RippleEffect
Android,Devlight/RippleEffectUnderflowInRestoreFix
Android,juyingguo/RippleEffect
Android,malangstudio/RippleEffect
Android,zerob13/RippleEffect
Android,guilhermesgb/RippleEffect
Android,cosic/RippleEffect
Android,AndroidBase/RippleEffect
Android,Pinelas/RippleEffect
Android,sockeqwe/RippleEffect
Android,YangEdward/RippleEffect
Android,Aexyn/RippleEffect
Android,OrangeGangsters/RippleEffect
Android,bhm/RippleEffect
Android,LukeDaywalker/DBinding
Android,HortonGou/WebViewJavascriptBridge
Android,shirajsayed13/JustifiedTextView
Android,axelhenry/JustifiedTextView
Android,strilchuk/GDX-RPG
Android,bryant1410/GDX-RPG
Android,jucaowei/GDX-RPG
Android,hnguyenworkstation/Wiv
Android,Fe-Ordan/ExpectAnim
Android,HozakaN/ExpectAnim
Android,LZGroup/ExpectAnim
Android,zhengyi5403/Calendar
Android,vivonk/Catroid
Android,singhalok641/Catroid
Android,paggerbua/Catroid
Android,just4ho/Catroid
Android,chiragw15/Catroid
Android,FionNoir/Catroid
Android,codeislife99/Catroid
Android,sheryl31/Catroid
Android,OliverPapst/Catroid
Android,alextudu/Catroid
Android,PRIArobotics/Catroid
Android,SobolSigizmund/Catroid
Android,chuchuyajun/Catroid
Android,alt-13/Catroid
Android,stefanreichenauer/Catroid
Android,Manthan-R-Sheth/Catroid
Android,Achilles-96/Catroid
Android,algobardo/Catroid
Android,delftswa2014/Catroid
Android,yogidtu/Catroid
Android,manasdadheech/Catroid
Android,efamiliar/Catroid
Android,pocket7878/Catroid
Android,crayons/Catroid
Android,simgeszgn/Catroid
Android,denisehoo/Catroid
Android,PeiCinh/KSYLive_Android
Android,mengxiangqipa/KSYLive_Android
Android,Stream-Group/KSYLive_Android
Android,RadiateWSG/KSYLive_Android
Android,toneloc/FloatingActionButton
Android,mwermuth/FloatingActionButton
Android,Mythcube/FloatingActionButton
Android,uzen/FloatingActionButton
Android,Cyberloop/FloatingActionButton
Android,PeeJWeeJ/FloatingActionButton
Android,michaz13/FloatingActionButton
Android,panzerfahrer/FloatingActionButton
Android,doodeec/FloatingActionButton
Android,msutherland4807/FloatingActionButton
Android,ShelbyYu/FloatingActionButton
Android,andy4amol/FloatingActionButton
Android,furkanvarol/FloatingActionButton
Android,almozavr/FloatingActionButton
Android,www40/FloatingActionButton
Android,eboudrant/FloatingActionButton
Android,nwalters512/FloatingActionButton
Android,siddharth96/FloatingActionButton
Android,acappelli/FloatingActionButton
Android,longtaoge/FloatingActionButton
Android,MaTriXy/FloatingActionButton-1
Android,airk000/FloatingActionButton
Android,alexey-rabets/FloatingActionButton
Android,jiqimaogou/FloatingActionButton
Android,Tuxilero/FloatingActionButton
Android,Sonelli/FloatingActionButton
Android,arthurprs/FloatingActionButton
Android,infakt/FloatingActionButton
Android,thiagolocatelli/FloatingActionButton
Android,ScratchMyTail/AndroidPicturePicker
Android,brunodles/AndroidPicturePicker
Android,wurongxin1987/AndroidPicturePicker
Android,burntcookie90/Aftermath
Android,android-gems/Aftermath
Android,OCNYang/ProgressLayout
Android,dxsdyhm/progress-activity
Android,Berial/progress-activity
Android,u4097/Dahaka
Android,namphho/Dahaka
Android,xiaogegexiao/Dahaka
Android,BlueFletch/AppAuth-Android
Android,jtn-d/AppAuth-Android
Android,dcoletto/AppAuth-Android-For-LinkedIn
Android,Homely/AppAuth-Android
Android,weshare-umigmbh/AppAuth-Android
Android,Popalay/AppAuth-Android
Android,trifork/AppAuth-Android
Android,egeniq-forks/AppAuth-Android
Android,Vandalko/AppAuth-Android
Android,stonestclair/AppAuth-Android
Android,mark-kowalski/AppAuth-Android
Android,long1eu/AppAuth-Android
Android,xeroxdcanna/AppAuth-Android
Android,goda87/AppAuth-Android
Android,gesundheitscloud/AppAuth-Android
Android,Laces/AppAuth-Android
Android,lhwong/AppAuth-Android
Android,projectrotini/AppAuth-Android
Android,cwt-dev/AppAuth-Android
Android,zdmc23/AppAuth-Android
Android,anestos/AppAuth-Android
Android,Ejstn/AppAuth-Android
Android,readdle/AppAuth-Android
Android,GleasonTech/AppAuth-Android
Android,Remicek/AppAuth-Android
Android,FreebirdRides/AppAuth-Android
Android,tikurahul/AppAuth-Android
Android,gooldeer/AppAuth-Android
Android,geekarist/AppAuth-Android
Android,herbage/AppAuth-Android
Android,ProfitLabs/AppAuth-Android
Android,zayass/AppAuth-Android
Android,azaars/AppAuth-Android
Android,Skyscanner/AppAuth-Android
Android,phusung/AppAuth-Android
Android,bbqsrc/AppAuth-Android
Android,valintepes/AppAuth-Android
Android,redcapua/AppAuth-Android
Android,vaughandroid/AppAuth-Android
Android,expensivecow/AppAuth-Android
Android,jlkurtz/AppAuth-Android
Android,fscarapaica/AppAuth-Android
Android,PontusNyberg/AppAuth-Android
Android,ketola/AppAuth-Android
Android,stnor/AppAuth-Android
Android,parakhj/AppAuth-Android
Android,MaTriXy/AppAuth-Android
Android,wdawson/AppAuth-Android
Android,lbalmaceda/AppAuth-Android
Android,panzerfahrer/AppAuth-Android
Android,keithcasey-okta/AppAuth-Android
Android,gaalvarez/AppAuth-Android
Android,Unit4/AppAuth-Android
Android,Artus91/AppAuth-Android
Android,GluuFederation/AppAuth-Android
Android,camhart/AppAuth-Android
Android,Write4Dinesh/AppAuth-Android
Android,YuriiTsap/AppAuth-Android
Android,arvindsinghtomar/AppAuth-Android-Demo
Android,ricalo/AppAuth-Android
Android,kunall17/AppAuth-Android
Android,rlce/AppAuth-Android
Android,Tylerflick/AppAuth-Android
Android,unit73e/AppAuth-Android
Android,Ruijiao/android-dynamic-action
Android,a124779683/android-dynamic-action
Android,rammadogs/PermissionHelper
Android,super-Hotman/PermissionHelper
Android,rayworks/android-autofittextview
Android,raquezha/android-autofittextview
Android,skyplor/android-autofittextview
Android,BrasileiroGamer/android-autofittextview
Android,hardikpatel679/android-autofittextview
Android,shixingxing/android-autofittextview
Android,yunuseker/android-autofittextview
Android,konifar/android-autofittextview
Android,badboy-tian/android-autofittextview
Android,UsherAndroid/android-autofittextview
Android,andrerinaldi/android-autofittextview
Android,jtv7/android-autofittextview
Android,ChathuraHettiarachchi/android-autofittextview
Android,e16din/android-autofittextview
Android,wirebarley/android-autofittextview
Android,jfsso/android-autofittextview
Android,ejohansson/android-autofittextview
Android,captain-miao/android-autofittextview
Android,riclage/android-autofittextview
Android,jaspervp/android-autofittextview
Android,serso/android-autofittextview
Android,skadyrov/android-autofittextview
Android,warot/android-autofittextview
Android,codlab/android-autofittextview
Android,PulfordJ/android-autofittextview
Android,wimanwifi/android-autofittextview
Android,perrystreetsoftware/android-autofittextview
Android,ndori/android-autofittextview
Android,OrangeGangsters/android-autofittextview
Android,In-Loco-Media/android-autofittextview
Android,tpom6oh/android-autofittextview
Android,diegothinkr/android-autofittextview
Android,rburgst/android-autofittextview
Android,ajaykoppisetty/ImageLayout
Android,AndyScherzinger/ImageLayout
Android,afeilo/SlidingLayout
Android,YuzurihaInori/SlidingLayout
Android,baidingpan/Recyclerview-Gallery
Android,aBenVip/Recyclerview-Gallery
Android,yyxyz/AndroidMaterialDesignToolbar
Android,zhanlian/AndroidMaterialDesignToolbar
Android,soltrinox/AndroidMaterialDesignToolbar
Android,tamzi/TintLayout
Android,Fe-Ordan/TintLayout
Android,GIGAMOLE/TintLayout
Android,zhongwcool/ScreenRecorder
Android,aaronshawcs/BoofCV
Android,yannickhildebrandt/BoofCV
Android,ForeverAct/BoofCV
Android,pacozaa/BoofCV
Android,jooink/BoofCV
Android,nrghhh/BoofCV
Android,hzqhssn/BoofCV
Android,silenzio777/BoofCV
Android,devdimager/BoofCV
Android,amirhadad/BoofCV
Android,benamika/BoofCV
Android,flobba/BoofCV
Android,basitali89hfi/BoofCV
Android,fars/BoofCV
Android,hjwhang/BoofCV
Android,adomrockie/BoofCV
Android,resw/BoofCV
Android,tarang681992/BoofCV
Android,elialshan/BoofCV
Android,registerpoint/BoofCV
Android,tom-adsfund/BoofCV
Android,simon-heinen/BoofCV
Android,luxigo/BoofCV
Android,SimonTomazic/BoofCV
Android,agamsarup/BoofCV
Android,tingfan/BoofCV
Android,vilalge/BoofCV
Android,Sciumo/BoofCV
Android,zehsilva/BoofCV
Android,dewmal/BoofCV
Android,bibulle/BoofCV
Android,fenderstr/BoofCV
Android,jacktasia/BoofCV
Android,Hollandaise/BoofCV
Android,siarheidevel/BoofCV
Android,rafaelsoledade/BoofCV
Android,Erdemym/BoofCV
Android,eclissato/BoofCV
Android,abc873693/flutter_crashlytics
Android,arok/flutter_crashlytics
Android,exseed-io/flutter_crashlytics
Android,saharh/flutter_crashlytics
Android,push-build-user/pushstrength_flutter_crashlytics
Android,xinthink/flutter_crashlytics
Android,benadrasni/flutter_crashlytics
Android,surengrig/flutter_crashlytics
Android,yy1300326388/flutter_crashlytics
Android,hoanngothanh/PowerMenu
Android,MobileDev418/PowerMenu
Android,pikaboo/PowerMenu
Android,victorlsn/PowerMenu
Android,Mlh1998/VirtualXposed
Android,Metatronxl/VirtualXposed
Android,CrackerCat/VirtualXposed
Android,glovebx/VirtualXposed
Android,Placya/VAExposed
Android,chago/VAExposed
Android,luozhanming/SopCastComponent
Android,yulin6666/SopCastComponent
Android,feaoes/SopCastComponent
Android,MaTriXy/SopCastComponent
Android,JJinz/SopCastComponent
Android,jianhui1012/SopCastComponent
Android,ItsFated/SopCastComponent
Android,suhelhammoud/coursera-android
Android,gauravpgaurav/coursera-android
Android,mingfenghappy/coursera-android
Android,psxjpm/coursera-android
Android,Antonio1k/GgAndroid
Android,millecker/coursera-android
Android,osvaldoc/coursera-android
Android,chenccharlie/coursera-android
Android,zeusz3/coursera-android
Android,antonmry/coursera-android
Android,mitchac/coursera-android
Android,ks729/coursera-android
Android,franzejr/coursera-android
Android,waltprorok/coursera-android
Android,Eternia4/coursera-android
Android,sujesha/coursera-android
Android,ClockTikking/coursera-android
Android,sumotoy/coursera-android
Android,Jecht/coursera-android
Android,VinodAkkepalli/coursera-android
Android,E-FL/coursera-android
Android,rhenT/coursera-android
Android,wiraredi/coursera-android
Android,AjitPS/coursera-android
Android,lutaoact/coursera-android
Android,beeyen/coursera-android
Android,zhongdeyu/coursera-android
Android,maziarmehrabi/coursera-android
Android,TimPreston--UK/coursera-android
Android,midnightradio/coursera-android
Android,SauravDas90/coursera-android
Android,xzhang34/coursera-android
Android,fancyhu/coursera-android
Android,WesleyRen/coursera-android
Android,aorgaz/coursera-android
Android,marcusmaccio/coursera-android
Android,ChristosMylonas/coursera-android
Android,mousyhead/coursera-android
Android,hukewei/coursera-android
Android,AdarshBk/coursera-android
Android,MichaelKnight/coursera-android
Android,enixdark/coursera-android
Android,randychampagne/coursera_android
Android,ElDombrovan/coursera-android
Android,maany/coursera-android
Android,kfowler/coursera-android
Android,MarqueJaune/coursera-android
Android,butlermh/coursera-android
Android,kc14bolivar/coursera-android
Android,arjand/coursera-android
Android,kiarnold/coursera-android
Android,chaabni/coursera-android
Android,Gio2k/coursera-android
Android,pthakkar9/coursera-android
Android,alancapc/coursera-android
Android,yingding/coursera-android
Android,sumitsharma2207/coursera-android
Android,BenjaminWLarson/coursera-android
Android,alinamylka/coursera-android
Android,mgallucci/coursera-android
Android,darrenhill/coursera-android
Android,melashkov/coursera-android
Android,fastwow/coursera-android
Android,leehosung/coursera-android
Android,thomasbabuj/coursera-android
Android,Daytron/coursera-android
Android,grant-wright/coursera-android
Android,williamukoh/coursera-android
Android,elektronaut0815/coursera-android
Android,zoupeiyang/coursera-android
Android,agustin04/coursera-android
Android,kevinqualters/coursera-android
Android,jackhuang007/coursera-android
Android,pranayaryal/coursera-android
Android,LonaRisas/coursera-android
Android,paul1453/coursera-android
Android,Qining/coursera-android
Android,micmarc/coursera-android
Android,mldeng/coursera-android
Android,joeryan/coursera-android
Android,AndroidApps101/coursera-android
Android,almagest14/coursera-android
Android,mexcool/coursera-android
Android,dheerajshetty/coursera-android
Android,balsamoEE/coursera-android
Android,smayuras/coursera-android
Android,rpenunuri/coursera-android
Android,slackerzz/coursera-android
Android,aghuddleston/coursera-android
Android,jdcheesman/coursera-android
Android,Arlinda/coursera-android
Android,edubriguenti/coursera-android
Android,skarcha/coursera-android
Android,lilly-m/coursera-android
Android,aphasia0/coursera-android
Android,brentschneider/coursera-android
Android,learn-stuff/coursera-android
Android,kunal0/Android
Android,justiceamoh/Android
Android,lanyuzd/DeveloperHelper
Android,lixiaogang03/Android-ServiceManager
Android,wassupnari/floatlabelededittext
Android,MoinPansare/floatlabelededittext
Android,rala72/floatlabelededittext
Android,gitskim/floatlabelededittext
Android,manishpathak99/floatlabelededittext
Android,GabrielCastro/floatlabelededittext
Android,nelo686/floatlabelededittext
Android,josebama/floatlabelededittext
Android,colaboradores/floatlabelededittext
Android,kk-java/floatlabelededittext
Android,littlebytes/floatlabelededittext
Android,dommerq/floatlabelededittext
Android,lkxlaz/SensorManager
Android,mbenndor/SensorManager
Android,sibelius/SensorManager
Android,Fe-Ordan/ExpandableRecyclerview
Android,OneEggIsBigger/MD
Android,QeGle/UniversalVideoView
Android,Simontok-aplikasi/UniversalVideoView
Android,david-belbeze/UniversalVideoView
Android,cjiahuan/UniversalExoplayer
Android,khairul169/UniversalVideoView
Android,znupy/UniversalVideoView
Android,moonfish11/UniversalVideoView
Android,chy1993/UniversalVideoView
Android,find-happiness/UniversalVideoView
