Spring,nssachin/poli
Spring,cw1427/poli
Spring,nemrood/poli
Spring,kangsoo-bit/spring-boot-student
Spring,liujinhua306/spring-boot-student
Spring,hu08093446/spring-boot-student
Spring,BuYi-Feng/spring-boot-student
Spring,sniperZj/spring-boot-student
Spring,graice2013/Activiti
Spring,shanghai-malls/Activiti
Spring,itdevsamurai/Activiti
Spring,sqmwin/Activiti
Spring,mysonhushu/Activiti
Spring,mglslg/Activiti
Spring,marxy/Activiti
Spring,rbonifacio/Activiti
Spring,FRANDAVID/Activiti
Spring,Jaryli/Activiti
Spring,GuYBTFL/Activiti
Spring,zhaozhhtiger/Activiti
Spring,sgbluebird/Activiti
Spring,276030466/Activiti
Spring,Bytesu/Activiti
Spring,canjian215215/Activiti
Spring,abdotalaat/Activiti
Spring,7vqinqiwei/Activiti
Spring,mxassis/Activiti
Spring,greenhills163/Activiti
Spring,grogdj/Activiti
Spring,Amaravadishk/Activiti
Spring,johnsblatter/Activiti
Spring,haishangqishi/Activiti
Spring,gotemkr/Activiti
Spring,adohe/Activiti
Spring,erdemedeiros/Activiti
Spring,kenjiuno/Activiti
Spring,deanwong/Activiti
Spring,miaojf/Activiti
Spring,guaxinim/Activiti
Spring,gdyangyu/Activiti
Spring,vladare/Activiti
Spring,suttermichael/Activiti
Spring,zhaoml529/Activiti
Spring,cng1985/Activiti
Spring,caoym/Activiti-pq-jsonb
Spring,cnwolffy/Activiti
Spring,alirezamirian/Activiti
Spring,spille/Activiti
Spring,ddpardo/Activiti
Spring,linjiarong/Activiti
Spring,chrisrobbo/Activiti
Spring,Brunall/Activiti
Spring,ghnat/Activiti
Spring,vangogh-ken/Activiti
Spring,alansastre/Activiti
Spring,hnccho/Activiti
Spring,lantorandria/Activiti
Spring,xrsc/Activiti
Spring,rpopa/Activiti
Spring,markvt78/Activiti
Spring,yuyonglucky/Activiti
Spring,bpupadhyaya/Activiti
Spring,hycom-hybris/Activiti
Spring,charlesheidemann/Activiti
Spring,padmaragl/Activiti
Spring,lewis-ing/Activiti
Spring,SnowyOwl-KHY/Activiti
Spring,allbegray/Activiti
Spring,pmesmeur/Activiti
Spring,marstianna/Activiti
Spring,reva/Activiti
Spring,gtx1049/Activiti
Spring,deliver8r/Activiti
Spring,zhangwei5095/Activiti
Spring,worthyl/Activiti
Spring,vasiledirla/Activiti
Spring,jphuynh/Activiti
Spring,eugenehr/Activiti
Spring,PointIO/Activiti
Spring,cheleb/Activiti
Spring,visep/Activiti
Spring,cdeneux/Activiti
Spring,laurents59/Activiti
Spring,tiancheng2000/Activiti
Spring,edgarcDev/Activiti
Spring,netflash/Activiti
Spring,flashboss/Activiti
Spring,sdegenaar/Activiti
Spring,colinstonema/Activiti
Spring,robhafner/Activiti
Spring,shiliyan/Activiti
Spring,work0120/Activiti
Spring,aucampia/Activiti
Spring,singhalamitkr/Activiti
Spring,brig/Activiti
Spring,ddefrance/Activiti
Spring,eduardoraupp/Activiti
Spring,saeidrastak/Activiti
Spring,dgit-hub/Activiti
Spring,klwork/Activiti
Spring,kirpi4ik/Activiti
Spring,feike-unit/Activiti
Spring,gkatkov/Activiti
Spring,sleeperor/Activiti
Spring,rahulbhatt04/Activiti
Spring,ddweerasiri/Activiti
Spring,langfr/Activiti
Spring,koncz314/Activiti
Spring,MPriess/Activiti
Spring,tomasz-skonieczny-amg-net/Activiti
Spring,schalmers/Activiti
Spring,xlz926/Activiti
Spring,aaronhuangcn/Activiti
Spring,yongchun/Activiti
Spring,bzim/Activiti
Spring,martin-grofcik/Activiti
Spring,dmitryfar/Activiti
Spring,wsalembi/Activiti
Spring,kledzion/Activiti
Spring,hilmialyaz/Activiti
Spring,xuhuisheng/Activiti
Spring,tstephen/Activiti
Spring,emdev-limited/Activiti
Spring,robinZhao/Activiti
Spring,tungSing/Activiti
Spring,shimne/Activiti
Spring,hehuafu/Activiti
Spring,tlipski/Activiti
Spring,gemvara/Activiti
Spring,ideavat/Activiti
Spring,foamflower2/Activiti
Spring,f-lombardo/Activiti
Spring,fwachs/Activiti
Spring,yuanqixun/Activiti
Spring,camunda/fox-engine
Spring,jorgheymans/Activiti
Spring,gavin2lee/spring-security-oauth
Spring,alxdrlitreev/spring-security-oauth
Spring,Grubhart/spring-security-oauth
Spring,vipup/spring-security-oauth
Spring,michael-pratt/spring-security-oauth
Spring,LukasVyhlidka/spring-security-oauth
Spring,little-cui/spring-security-oauth
Spring,tomvandenberge/spring-security-oauth
Spring,connieho15/spring-security-oauth
Spring,phrinx/spring-security-oauth
Spring,yangyunfeng666/spring-security-oauth
Spring,masm22/spring-security-oauth
Spring,micd/spring-security-oauth
Spring,g-u-a-n/spring-security-oauth
Spring,fcrespel/spring-security-oauth
Spring,jcpretorius/spring-security-oauth
Spring,andye2004/spring-security-oauth
Spring,sheiy/spring-security-oauth
Spring,wuguanling99/spring-security-oauth
Spring,alhudson/spring-security-oauth
Spring,bigbaldy1128/spring-security-oauth
Spring,Jamesxu182/spring-security-oauth
Spring,ADSanMu/spring-security-oauth-1
Spring,kuldeepsidhu88/spring-security-oauth
Spring,s4kas/spring-security-oauth
Spring,boojongmin/spring-security-oauth
Spring,Captain-P-Goldfish/spring-security-oauth
Spring,kiyoung-Lee/spring-security-oauth
Spring,senkum/spring-security-oauth
Spring,imgx64/spring-security-oauth
Spring,wwjiang007/spring-security-oauth
Spring,kuzjka/spring-security-oauth
Spring,david-noel/spring-security-oauth
Spring,bishoybasily/spring-security-oauth
Spring,soulmachine/spring-security-oauth
Spring,matbrighi/spring-security-oauth
Spring,pzhao12flakyreplay/spring-security-oauth
Spring,pzhao12teste/spring-security-oauth
Spring,pzhao12testd/spring-security-oauth
Spring,pzhao12testc/spring-security-oauth
Spring,pzhao12testb/spring-security-oauth
Spring,pzhao12testa/spring-security-oauth
Spring,SystemOutPrint/spring-security-oauth
Spring,ErkoRisthein/spring-security-oauth
Spring,dbudor/spring-security-oauth
Spring,jfneis/spring-security-oauth
Spring,shilei812/spring-security-oauth
Spring,xenoterracide/spring-security-oauth
Spring,DavyJones2010/spring-security-oauth
Spring,happyshi0402/spring-security-oauth
Spring,bwangfdu/spring-security-oauth
Spring,thalestakao/spring-security-oauth
Spring,adolfoweloy/spring-security-oauth
Spring,jsmusgrave/spring-security-oauth
Spring,osgafarov/spring-security-oauth
Spring,xyrc/spring-security-oauth
Spring,czetus/spring-security-oauth
Spring,xzeng1991/spring-security-oauth
Spring,jihlee/spring-security-oauth
Spring,luchob/spring-security-oauth
Spring,liumian97/spring-security-oauth
Spring,kherink/spring-security-oauth
Spring,patope/spring-security-oauth
Spring,sbcoba/spring-security-oauth
Spring,akushsky/spring-security-oauth
Spring,fdenommee/spring-security-oauth
Spring,zzsoszz/spring-security-oauth
Spring,consoleau/spring-security-oauth
Spring,chenjianyao/spring-security-oauth
Spring,claassen/spring-security-oauth
Spring,abbccdda/spring-security-oauth
Spring,raviteja8181/spring-security-oauth
Spring,wfaithfull/spring-security-oauth
Spring,shanman190/spring-security-oauth
Spring,waghsk/spring-security-oauth
Spring,tuxetuxe/spring-security-oauth
Spring,paulokinho/spring-security-oauth
Spring,denistiago/spring-security-oauth
Spring,lap089/spring-security-oauth
Spring,jnawk/spring-security-oauth
Spring,cdelmas/spring-security-oauth
Spring,colinschaub/spring-security-oauth
Spring,sangyuruo/spring-security-oauth
Spring,fitzoh/spring-security-oauth
Spring,pankaj-kalwar/spring-security-oauth
Spring,hnccho/spring-security-oauth
Spring,tspaeth/spring-security-oauth
Spring,zhlfml/spring-security-oauth
Spring,OpenConext/spring-security-oauth
Spring,denise-schaefer/spring-security-oauth
Spring,benkiefer/spring-security-oauth
Spring,voronaam/spring-security-oauth
Spring,caspermout/spring-security-oauth
Spring,marcosbarbero/spring-security-oauth
Spring,marksilvis/spring-security-oauth
Spring,xueyumusic/spring-security-oauth
Spring,sunvenka/spring-security-oauth
Spring,alviny/spring-security-oauth
Spring,MaximPedich/spring-security-oauth
Spring,linuschien/spring-security-oauth
Spring,holsky/spring-security-oauth
Spring,lvonk/spring-security-oauth
Spring,hansuky/spring-security-oauth
Spring,efenderbosch/spring-security-oauth
Spring,ORCID/spring-security-oauth
Spring,JohnKim/spring-security-oauth
Spring,ollie314/spring-security-oauth
Spring,sgyyz/spring-security-oauth
Spring,lucascivali/spring-security-oauth
Spring,skate056/spring-security-oauth
Spring,callmemagnus/spring-security-oauth
Spring,lukax/spring-security-oauth
Spring,regist84/spring-security-oauth
Spring,ractive/spring-security-oauth
Spring,ColRad/spring-security-oauth
Spring,rodol-fo/spring-security-oauth
Spring,leorubens/spring-security-oauth
Spring,wzlee/spring-security-oauth
Spring,z1z2z3/spring-security-oauth
Spring,fduartej/spring-security-oauth
Spring,ccciudatu/spring-security-oauth
Spring,naruraghavan/spring-security-oauth
Spring,tr-aheeva/spring-security-oauth
Spring,simon-zhou/spring-security-oauth
Spring,DooiooSource/spring-security-oauth
Spring,almubinsultan/spring-security-oauth
Spring,jintoxicate/spring-security-oauth
Spring,liuwenbo200285/spring-security-oauth
Spring,kristofferdominique/spring-security-oauth
Spring,friscoMad/spring-security-oauth
Spring,danveloper/spring-security-oauth
Spring,OhadR/spring-security-oauth
Spring,xiaqi1210/spring-security-oauth
Spring,yogeshnehra/spring-security-oauth
Spring,caseylucas/spring-security-oauth
Spring,him-bhar/spring-security-oauth
Spring,lguerrin/spring-security-oauth
Spring,ftaiolivista/spring-security-oauth
Spring,daleolds/spring-security-oauth
Spring,nfet/spring-security-oauth
Spring,ajantis/spring-security-oauth
Spring,Hons/spring-security-oauth
Spring,xcompass/spring-security-oauth
Spring,bimsapi/spring-security-oauth
Spring,tresbailey/spring-security-oauth
Spring,vedyval/spring-security-oauth
Spring,jirutka/spring-security-oauth
Spring,longliveenduro/spring-security-oauth
Spring,timr/spring-security-oauth
Spring,erwink/spring-security-oauth
Spring,aanganes/spring-security-oauth
Spring,d3clan/spring-security-oauth
Spring,ssmith5/spring-security-oauth
Spring,jillesvangurp/spring-security-oauth
Spring,Spidertracks/spring-security-oauth
Spring,calvinkrishy/spring-security-oauth
Spring,skywater/dubbo-spring-boot-mybatis-redis
Spring,shenruiqing/dubbo-spring-boot-mybatis-redis
Spring,yiwuxia/dubbo-spring-boot-mybatis-redis
Spring,DavidWang39532/dubbo-spring-boot-mybatis-redis
Spring,xiaobei-ihmhny/dubbo-spring-boot-mybatis-redis
Spring,T-XUE/dubbo-spring-boot-mybatis-redis
Spring,zwc609906/dubbo-spring-boot-mybatis-redis
Spring,yefeisnima/dubbo-spring-boot-mybatis-redis
Spring,wiseks/dubbo-spring-boot-mybatis-redis
Spring,llengo/dubbo-spring-boot-mybatis-redis
Spring,yudingling/Mapper
Spring,hakil/Mapper
Spring,quhailong1995/Mapper
Spring,stotem/Mapper
Spring,stdupanda/Mapper
Spring,goradical/Mapper
Spring,cn-sy-yl/Mapper
Spring,fushun1990/Mapper
Spring,masuguar/ForkMapper
Spring,suifengpiao14/Mapper
Spring,twislyn/Mapper
Spring,YaYa-Mountain/Mapper
Spring,hittor/Mapper
Spring,wudy875498/Mapper
Spring,ztyzbb/Mapper
Spring,PJB2TY/Mapper
Spring,finira/Mapper
Spring,wittyliu/Mapper
Spring,tjpanda88/Mapper
Spring,skyseavae/Mapper
Spring,164675423/Mapper
Spring,hanasakari/Mapper
Spring,donaldjohn/Mapper
Spring,pzzpl/Mapper
Spring,Wang-Ray/Mapper
Spring,chinaerserver/Mapper
Spring,liyongjun1/Mapper
Spring,ADSanMu/Mapper
Spring,lovelichun/Mapper
Spring,LYDXY/Mapper
Spring,chinaluopiao/Mapper
Spring,tonyscale/Mapper
Spring,SteinbockA/mybatis-generator-EXT
Spring,DogFc/Mapper
Spring,amwei/Mapper
Spring,weijj0528/Mapper
Spring,cuisongliu/Mapper
Spring,bryant1410/Mapper
Spring,adrianSet/Mapper
Spring,wyzfzu/Mapper
Spring,quancheng-ec/poodle-mapper
Spring,mingt/Mapper
Spring,jview/Mapper
Spring,z589533/Mapper
Spring,piggsoft/Mapper
Spring,87439247/Mapper
Spring,batiwu/Mapper
Spring,liufor/Mapper
Spring,sean-lys/Mapper
Spring,igitee/Mapper
Spring,ptma/Mapper
Spring,adolphor/Mapper
Spring,luorenjin/Mapper
Spring,rodrigo2005/gs-uploading-files
Spring,darkerror96/gs-uploading-files
Spring,liudonghua123/gs-uploading-files
Spring,jamataran/gs-uploading-files
Spring,ulrichwinter/gs-uploading-files
Spring,browncrane/gs-uploading-files
Spring,jdelagal/gs-uploading-files
Spring,mkgobaco/gs-uploading-files
Spring,vcoder4c/gs-uploading-files
Spring,district10/gs-uploading-files
Spring,newlight77/gs-uploading-files
Spring,Buzzardo/gs-uploading-files
Spring,youfeng243/gs-uploading-files
Spring,abinet/gs-uploading-files
Spring,wanghaojun/gs-uploading-files
Spring,ElomAtsouAgboka/gs-uploading-files
Spring,Sheparzo/gs-uploading-files
Spring,msgilligan/gs-uploading-files
Spring,DaTTT111/springcloud
Spring,manonline/springcloud
Spring,zdjkea/springcloud
Spring,zqg4919/springcloud
Spring,microservices-2/microservices-dashboard
Spring,tkzandgj/netty-chat
Spring,VectorYao/netty-chat
Spring,DoubleSmile/netty-chat
Spring,zhangwei5095/netty-chat
Spring,pkstyle/netty-chat
Spring,xuejiangtao/DSpace
Spring,y1ngyang/DSpace
Spring,guilhermejccavalcanti/DSpace
Spring,BIBSYSDEV/Brage6
Spring,Flusspferd123/DSpace
Spring,CityOfNewYork/DSpace
Spring,philip-muench/DSpace
Spring,buluma/DSpace
Spring,UNdeC/DSpace
Spring,hcayless/DSpace
Spring,wgresshoff/DSpace
Spring,FlakyTestDetection/DSpace
Spring,cidus/DSpace
Spring,blekinge/DSpace
Spring,bcoddens/DSpace
Spring,aimsdc/DSpace
Spring,mukulu/DSpace
Spring,gregorgabriel/DSpace
Spring,samueloph/DSpace
Spring,hatfieldlibrary/DSpace-Archived
Spring,SOIPPO/DSpace
Spring,yorkulibraries/DSpace
Spring,isido/DSpace
Spring,DylanMeeus/DSpace
Spring,mateuszneumann/DSpace
Spring,EDUCACAO-LIVRE/DSpace
Spring,nuncanada/DSpace
Spring,idmgroup/DSpace
Spring,samuszx/DSpace
Spring,riundec/DSpace
Spring,dspacesdum/DSpace
Spring,EcvetStep/rulo-repo
Spring,IPLeiria/DSpace
Spring,miptliot/DSpace
Spring,taozhaolib/DSpace4
Spring,brishti55/DSpace
Spring,gsolomou/DSpace
Spring,themiszamani/DSpace
Spring,CICBA/DSpace
Spring,kardeiz/DSpace
Spring,CainBrianJ/MOspace
Spring,AgriOcean/DSpace
Spring,muelle/DSpace
Spring,enrique/DSpace-Iteso
Spring,AnjaLeBlanc/DSpace
Spring,RIUNET/DSpace
Spring,albz657/DSpace
Spring,cariscristobal/DSpace
Spring,bbkopsas/DSpace
Spring,SlyDen/DSpace
Spring,knowledgearc/DSpace
Spring,choleski/DSpace
Spring,awaterma/DSpace
Spring,nkneumann/DSpace
Spring,alapchari/DSpace
Spring,ricedss/DSpace
Spring,bdpi/bdpi-dspace
Spring,unm-art/DSpace
Spring,rtalbot89/UOW-DSpace
Spring,zuki/DSpace
Spring,osulibraries/DSpace
Spring,nesovi/DSpace
Spring,aschweer/DSpace
Spring,abollini/DSpace
Spring,maMingNow/SkyEye
Spring,huyuantai/springboot_cwenao
Spring,orangeyts/springboot_cwenao
Spring,TianYongwei/weixin-java-miniapp-demo
Spring,suyaoli/duiduibang-api
Spring,604331309/weixin-java-miniapp-demo
Spring,13594163317/weixin-java-miniapp-demo
Spring,asnaper/weixin-java-miniapp-demo
Spring,goodhans8185311/weixin-java-miniapp-demo
Spring,comeonc/weixin-java-miniapp-demo
Spring,paolocarta/clean-architecture-example
Spring,iyankovsky/clean-architecture-example
Spring,yangpeihai/redis-manager
Spring,cmx1/redis-manager
Spring,jz3p/redis-manager
Spring,TrumanDu/redis-manager
Spring,dsczs/redis-manager
Spring,hellosix/redis-manager
Spring,linzhouzhi/redis-manager
Spring,bit-star/jhipster
Spring,xiaoyuMo/jhipster
Spring,VinodAnandan/jhipster
Spring,Tcharl/jhipster
Spring,JoffreyDcu/jhipster
Spring,wwjiang007/jhipster
Spring,siliang42/todolist
Spring,GavinliSH/gradle-examples
Spring,Bragrel/gradle-examples
Spring,onlinejenkinstrainings/gradle-examples
Spring,snagarajudmm/gradle-examples
Spring,zcstl/gradle-examples
Spring,4admin2root/gradle-examples
Spring,kumarchowdary536/gradle-examples
Spring,liawmike/gradle-examples
Spring,deevodavis71/gradle-examples
Spring,vydra/gradle-examples
Spring,Babbie/gradle-examples
Spring,Melondad/gradle-examples
Spring,henriquesantos/gradle-examples
Spring,jwojciak/spring-xd
Spring,ObjectivityLtd/spring-xd
Spring,zmyer/spring-xd
Spring,minilong/spring-xd
Spring,sapient-support/spring-xd
Spring,qdubious/spring-xd-actor
Spring,sridharpaladugu/spring-xd
Spring,mohdaliiqbal/spring-xd
Spring,LinkedList/spring-xd
Spring,ollie314/spring-xd
Spring,toffentoffen/spring-xd
Spring,liwang0513/spring-xd
Spring,BoykoAlex/spring-xd
Spring,ruze00/spring-xd
Spring,whummer/spring-xd
Spring,ipsi/spring-xd
Spring,parikhkc/spring-xd
Spring,fmarchand/spring-xd
Spring,nagyist/spring-xd
Spring,liujiong1982/spring-xd
Spring,woltere/spring-xd
Spring,prismec/spring-xd
Spring,charliemblack/spring-xd
Spring,flamilton/spring-xd
Spring,xslogic/spring-xd
Spring,cdelashmutt/spring-xd
Spring,wkoh/spring-xd
Spring,xixinlove/springboot-weapp-demo
Spring,leejean/springboot-weapp-demo
Spring,gitgoready/springboot-weapp-demo
Spring,makeaini/springboot-weapp-demo
Spring,pksinghus/amazon-ecs-java-microservices
Spring,prash315/amazon-ecs-java-microservices
Spring,oluadekoya1/amazon-ecs-java-microservices
Spring,sudhakarVuppalapati/amazon-ecs-java-microservices
Spring,isvlabs/amazon-ecs-java-microservices
Spring,royjoydeep1/amazon-ecs-java-microservices
Spring,stevenlee2018/amazon-ecs-java-microservices
Spring,voyagerwoo/amazon-ecs-java-microservices
Spring,hauk3wu1ff/amazon-ecs-java-microservices
Spring,danieljipa/S3Mock
Spring,hervold/S3Mock
Spring,lennartblom/S3Mock
Spring,brian-mcnamara/S3Mock
Spring,kevinulrich/S3Mock
Spring,sparlampe/S3Mock
Spring,sdavids13/S3Mock
Spring,konraifen88/S3Mock
Spring,cacarpenter/S3Mock
Spring,sfali/Adobe-S3Mock
Spring,ArnoTurelinckx/S3Mock
Spring,kjt01/jhipster-registry
Spring,bit-star/jhipster-registry
Spring,skywriter-systems/jhipster-registry
Spring,oraCare/lemeregister
Spring,deyaeddin/jhipster-registry
Spring,MetalMiner/jhipster-registry
Spring,inigoiparragirre/jhipster-registry
Spring,pervezcse/jhipster-registry
Spring,clement26695/jhipster-registry
Spring,13wolf/jhipster-registry
Spring,xiaoyuMo/jhipster-registry
Spring,bro0k/jhipster-registry
Spring,inngvar/jhipster-registry
Spring,jobykorahwizroots/jhipster-registry
Spring,xiaoshao/jhipster-registry
Spring,lesliedou/jhipster-registry
Spring,PiotrRozanski/jhipster-registry
Spring,nebnhoj/jhipster-registry
Spring,chenflat/cloud-registry
Spring,kazeki/jhipster-registry
Spring,Tangoe/jhipster-registry
Spring,mouadtk/jhipster-registry
Spring,somewhereMrli/jhipster-registry
Spring,mihaita-tinta/jhipster-registry
Spring,Qi-zheng/jhipster-registry
Spring,tornabene/jhipster-registry
Spring,langlearn/jhipster-registry
Spring,trifonnt/jhipster-registry
Spring,Jefferlau/jhipster-registry
Spring,sKaouech/jhipster-registry
Spring,hackathon-ici-conta-comigo/jhipster-registry
Spring,kanxg/jhipster-registry
Spring,jf8/jhipster-registry
Spring,The-Crocop/jhipster-registry
Spring,kacytunde/jhipster-registry
Spring,zongwu233/jhipster-registry
Spring,bmvakili/jhipster-registry
Spring,x19419378/jhipster-registry
Spring,babkamen/jhipster-registry
Spring,liperg/jhipster-registry
Spring,xixingzhe/Liudao
Spring,stackXu/dubbo-admin
Spring,huyaocheng/incubator-dubbo-admin
Spring,marcusfang/incubator-dubbo-admin
Spring,smartbetter/dubbo-ops
Spring,zhaobingss/incubator-dubbo-ops
Spring,kpp19920121/incubator-dubbo-ops
Spring,CedricDaniels/incubator-dubbo-ops
Spring,wenlaizhou/incubator-dubbo-ops
Spring,satansk/incubator-dubbo-ops
Spring,CREATE-AI/incubator-dubbo-ops
Spring,zhflemon/incubator-dubbo-ops
Spring,hupuxiaojun/incubator-dubbo-ops
Spring,mingbotang/incubator-dubbo-ops
Spring,arzyc/incubator-dubbo-ops
Spring,raoshihong/incubator-dubbo-ops
Spring,kinbod/incubator-dubbo-ops
Spring,VioletLife/incubator-dubbo-ops
Spring,akileecn/incubator-dubbo-ops
Spring,realhj/incubator-dubbo-ops
Spring,tookday12/incubator-dubbo-ops
Spring,diamondblack/incubator-dubbo-ops
Spring,giraffe8/incubator-dubbo-ops
Spring,gong/incubator-dubbo-ops
Spring,danhua521/incubator-dubbo-ops
Spring,enjoyor-runlu/incubator-dubbo-ops
Spring,cedarx/incubator-dubbo-ops
Spring,397412086/dubbo-ops
Spring,songpengpeng/dubbo-ops
Spring,cpthack/dubbo-ops
Spring,huadong/dubbo-ops
Spring,1621740748/SpringBootExamples
Spring,edidada/SpringBootExamples
Spring,addstone/SpringBootExamples
Spring,MicrophoneBen/SpringBootExamples
Spring,yejg/SpringBootExamples
Spring,javaage/spring-boot-examples
Spring,future1314/spring-boot-examples
Spring,cnipr/spring-boot-examples
Spring,luckdream/spring-boot-examples
Spring,tubalu/spring-boot-examples
Spring,hamelmoon/java-spring-cloud
Spring,KaiStapel/java-spring-cloud
Spring,tomakehurst/java-spring-cloud
Spring,vmaleze/java-spring-cloud
Spring,ask4gilles/java-spring-cloud
Spring,msvab/java-spring-cloud
Spring,threeq/java-spring-cloud
Spring,gytis/java-spring-cloud
Spring,fan2008shuai/sofa-registry
Spring,guanchao-yang/sofa-registry
Spring,hanzhaoxin/sofa-registry
Spring,Synex-wh/sofa-registry
Spring,caojie09/sofa-registry
Spring,UncleWanger/jax-rs2-guide
Spring,mywaystay/jax-rs2-guide
Spring,huangweiwei1919/jax-rs2-guide
Spring,spoplavskiy/hono
Spring,vladrotea/hono
Spring,pho-enix/hono
Spring,osswangxining/hono
Spring,francois-travais/hono
Spring,kinbod/hono
Spring,dejanb/hono
Spring,crenz/hono
Spring,Luckylau/nacos
Spring,TingTop/nacos
Spring,zhuwenwen0/nacos
Spring,naturezhm/nacos
Spring,Ka1beatsCN/nacos
Spring,lujun920/nacos
Spring,pengzai170/nacos
Spring,1346735074/nacos
Spring,jiacheo/nacos
Spring,rexlin600/nacos
Spring,qxo/nacos
Spring,pengzhetech/nacos
Spring,choleece/nacos
Spring,lcg72/nacos
Spring,niget/nacos
Spring,gangzi828/nacos
Spring,LuanLouis/nacos
Spring,aswl8225/nacos
Spring,nhniu/nacos
Spring,huangyangcong/nacos
Spring,umi-soft/umi-nacos
Spring,fangjianmin/nacos
Spring,zorkelvll/nacos
Spring,sky-tc/nacos
Spring,cnxk2009/nacos
Spring,caofangqi/nacos
Spring,wxq8783/nacos
Spring,fjfd/nacos
Spring,luoxn28/nacos
Spring,jmu/nacos
Spring,DayoWang/nacos
Spring,gnehcgnaw/nacos
Spring,ylh23y/nacos
Spring,martixZero/nacos
Spring,LEmuRIAatCN/nacos
Spring,scxwhite/nacos
Spring,zcs20082015/nacos
Spring,455586841/nacos
Spring,fudali113/nacos
Spring,IsaacZhang0614/nacos
Spring,IronCity/nacos
Spring,zsjdxc251/nacos
Spring,misselvexu/nacos
Spring,KeRan213539/nacos
Spring,jianzh5/nacos
Spring,FairyBanished/nacos
Spring,ice563102472/nacos
Spring,chuyuqiao/nacos
Spring,wangjuneng/nacos
Spring,nlg521/nacos
Spring,epple2012/nacos
Spring,mayavian/nacos
Spring,yangzhaoNB/nacos
Spring,yabaowang/nacos
Spring,FrankBian/nacos
Spring,yfh0918/nacos
Spring,nanamikon/nacos
Spring,DoolinMa/nacos
Spring,xuechaos/nacos
Spring,xminj/nacos
Spring,innerpeacez/nacos
Spring,VioletLife/nacos
Spring,chakawelkin/nacos
Spring,guipf/nacos
Spring,ITonyLi/nacos
Spring,cuisongliu/nacos
Spring,hupuxiaojun/nacos
Spring,xiaostart977/nacos
Spring,jingjiaguo/nacos
Spring,hxy1991/nacos
Spring,javartisan/nacos
Spring,meua/nacos
Spring,irusist/nacos
Spring,doublespring168/nacos
Spring,jimmycasey/nacos
Spring,snifferhu/nacos
Spring,lazyfighter/nacos
Spring,bao2313120/nacos
Spring,sierpys/nacos
Spring,zmyer/nacos
Spring,NeoGitCrt1/nacos
Spring,ovhn/nacos
Spring,caojiele/nacos
Spring,wwjiang007/nacos
Spring,hadoop835/nacos
Spring,zhongzunfa/nacos
Spring,yanlinly/nacos
Spring,tswstarplanet/nacos
Spring,xiaoyuMo/myth
Spring,xiaojin21cen/myth
Spring,hellodake/myth
Spring,Fly-Coder/myth
Spring,yinifeng/myth
Spring,kevines/myth
Spring,fanfantastic/myth
Spring,wxq8783/myth
Spring,mweidlut/myth
Spring,runnerFeng/myth
Spring,zhengweilin1/myth
Spring,ylh23y/myth
Spring,wiseks/myth
Spring,liangzhuo/myth
Spring,javachu/myth
Spring,wwjiang007/myth
Spring,lixianglife/myth
Spring,lnnlab/myth
Spring,411241940/myth
Spring,ITonyLi/myth
Spring,MaTr74/java-buildpack-auto-reconfiguration
Spring,inserpio/java-buildpack-auto-reconfiguration
Spring,glyn/vcap-java
Spring,CloudCredo/vcap-java
Spring,zxs/vcap-java
Spring,icpsha/vcap-java
Spring,bdelbosc/vcap-java
Spring,yan-bingquan/springBoot-study
Spring,JZxiaoxiao/springBoot-study
Spring,IThawk/springBoot-study
Spring,sts-yeqiu/springBoot-study
Spring,gybin02/springBoot-study
Spring,zengfanlin/springBoot-study
Spring,zbcstudy/springBoot-study
Spring,wavesCHJ/springBoot-study
Spring,silvercon/springBoot-study
Spring,Mount-Everest/springBoot-study
Spring,Estafet-LTD/spring-cloud-sleuth
Spring,javartisan/spring-cloud-sleuth
Spring,tkvangorder/spring-cloud-sleuth
Spring,fitzoh/spring-cloud-sleuth
Spring,kptfh/spring-cloud-sleuth
Spring,gopalkakularam/spring-cloud-sleuth
Spring,jalogar/spring-cloud-sleuth
Spring,marcosbarbero/spring-cloud-sleuth
Spring,wwjiang007/spring-cloud-sleuth
Spring,l30thelion/spring-cloud-sleuth
Spring,lightoze/spring-cloud-sleuth
Spring,urig/spring-cloud-sleuth
Spring,kamnowisz/spring-cloud-sleuth
Spring,team3/spring-cloud-sleuth
Spring,lukaszguz/spring-cloud-sleuth
Spring,tai6651/spring-cloud-sleuth
Spring,sun-jian/spring-cloud-sleuth
Spring,mohdshariq1/spring-cloud-sleuth
Spring,jamesdbowman/spring-cloud-sleuth
Spring,dagronnell/spring-cloud-sleuth
Spring,DealerDotCom/spring-cloud-sleuth
Spring,gavlyukovskiy/spring-cloud-sleuth
Spring,jumal/spring-cloud-sleuth
Spring,patilvikram/spring-cloud-sleuth
Spring,vigohe/spring-cloud-sleuth
Spring,premanandc/spring-cloud-sleuth
Spring,PranayPS/spring-cloud-sleuth
Spring,brockovercash/spring-cloud-sleuth
Spring,timoweiss/spring-cloud-sleuth
Spring,shivangshah/spring-cloud-sleuth
Spring,gauravrmazra/spring-cloud-sleuth
Spring,alexec/spring-cloud-sleuth
Spring,vangie/WebIDE-Backend
Spring,weibin900226/WebIDE-Backend
Spring,JohnChancfz/springboot-hadmin
Spring,qq991347306/springboot-hadmin
Spring,enterprising/springboot-hadmin
Spring,liuxinjie123/springboot-hadmin
Spring,moorefu/sofa-tracer
Spring,XiongChaoGoing/sofa-tracer
Spring,fredalxin/sofa-tracer
Spring,ITGrocery/sofa-tracer
Spring,glmapper/sofa-tracer
Spring,guanchao-yang/sofa-tracer
Spring,lynx-r/microservices-basics-spring-boot
Spring,apeixinho/microservices-basics-spring-boot
Spring,robotergarten/microservices-basics-spring-boot
Spring,hendisantika/microservices-basics-spring-boot
Spring,lhbtata/netty-learning-example
Spring,ahmian/iot_push
Spring,Watchet/spring-boot-vue-admin
Spring,233moutian/spring-boot-vue-admin
Spring,ymchao/ClusterDeviceControlPlatform
Spring,dandanding/spring-boot-demo
Spring,yuanmenghaixin/spring-boot-demo
Spring,Rever207/spring-boot-demo
Spring,linchen2chris/spring-boot-demo
Spring,ckbtr2015/spring-boot-demo
Spring,KEVINYZY/spring-boot-demo
Spring,jianvhen/spring-boot-demo
Spring,caob1234/spring-boot-demo
Spring,codingOnGithub/spring-boot-demo
Spring,RouteSubwayMap/spring-boot-demo
Spring,edgarlin/spring-boot-demo
Spring,lusong1986/spring-boot-demo
Spring,Shrimp-xue/spring-boot-demo
Spring,keephunny/spring-boot-demo
Spring,Babywolf1992/spring-boot-demo
Spring,hdl03/spring-boot-demo
Spring,chenjianyao/spring-boot-demo
Spring,zdy1123812598/miaosha
Spring,vicat2019/miaosha
Spring,superliu213/miaosha
Spring,yubaoqi/miaosha
Spring,ThinkHuang/miaosha
Spring,Marksman111/miaosha
Spring,imloama/miaosha
Spring,jeffreyji1989/miaosha
Spring,pangjianfei/miaosha
Spring,edagarli/miaosha
Spring,qiankeqin/miaosha
Spring,herofire/miaosha
Spring,471362807/miaosha
Spring,cuidq/miaosha
Spring,yuchengwei/miaosha
Spring,stu012736/miaosha
Spring,DIVERGENTGIT/miaosha
Spring,pgs3583380/miaosha
Spring,posaunehm/isolating-the-domain
Spring,KentoNishio/isolating-the-domain
Spring,fffy2366/isolating-the-domain
Spring,kumarandhanapal/boot-examples
Spring,hedgo/boot-examples
Spring,hchu1234/boot-examples
Spring,mraible/boot-examples
Spring,Heapy/TelegramBots
Spring,Systemoutprintln7/TelegramBots
Spring,galimru/TelegramBots
Spring,ZzetT/TelegramBots
Spring,kruchinin-pavel/TelegramBots
Spring,irrisor/TelegramBots
Spring,Saberos/TelegramBots
Spring,greatfarmer/TelegramBots
Spring,EgorBochkarev/TelegramBots
Spring,kozlov5/TelegramBots
Spring,homich1991/TelegramBots
Spring,bvn13/TelegramBots
Spring,kinkuraj/TelegramBots
Spring,tom139/TelegramBots
Spring,McPringle/TelegramBots
Spring,devbridie/TelegramBots
Spring,asciimo71/TelegramBots
Spring,JetCoder1/TelegramBots
Spring,smaznet/TelegramBots
Spring,rrahozhyn/TelegramBots
Spring,Tillerino/TelegramBots
Spring,jadow/TelegramBots
Spring,jgabrielfreitas/TelegramBots
Spring,jesusnoseq/TelegramBots
Spring,Mit0x2/TelegramBots
Spring,bytex/TelegramBots
Spring,VLegakis/TelegramBots
Spring,yeoupooh/TelegramBots
Spring,Vinpasso/TelegramBots
Spring,Onedy/DominosBot
Spring,swoopyy/TelegramBots
Spring,lozo2010/TelegramBots
Spring,dualven/Spring-Security
Spring,yiranleng/Spring-Security
Spring,CoderFreeMan/config-toolkit
Spring,copyshop/config-toolkit
Spring,chenyingjun/config-toolkit
Spring,ycadmin/yc-config-toolkit
Spring,smallchen28/config-toolkit
Spring,zhenglu1989/config-toolkit
Spring,xinmiao0377/config-toolkit
Spring,k4124k/config-toolkit
Spring,suqcnn/config-toolkit
Spring,eisig/config-toolkit
Spring,zhangwei5095/config-toolkit
Spring,chenld/config-toolkit
Spring,kangfoo/config-toolkit
Spring,majinkai/config-toolkit
