framework,projeto,contribuidores_do_framework,contribuidores_do_projeto,contribuidores_comum
Spring,shzlw/poli,705,1,0
Spring,wyh-spring-ecosystem-student/spring-boot-student,705,4,0
Spring,Activiti/Activiti,705,244,6
Spring,spring-projects/spring-security-oauth,705,118,16
Spring,cheese10yun/spring-guide,705,3,0
Spring,dearbinge/dubbo-spring-boot-mybatis-redis,705,1,0
Spring,abel533/Mapper,705,24,0
Spring,spring-guides/gs-uploading-files,705,14,10
Spring,liaokailin/springcloud,705,1,0
Spring,ordina-jworks/microservices-dashboard,705,4,1
Spring,tonyboxes/netty-chat,705,8,0
Spring,DSpace/DSpace,705,200,1
Spring,JThink/SkyEye,705,4,0
Spring,OysterQAQ/Pixiv-Illustration-Collection,705,2,0
Spring,cwenao/springboot_cwenao,705,1,0
Spring,binarywang/weixin-java-miniapp-demo,705,1,0
Spring,mattia-battiston/clean-architecture-example,705,2,0
Spring,ngbdf/redis-manager,705,16,0
Spring,jhipster/jhipster,705,48,3
Spring,nonocast/todolist,705,1,0
Spring,pkainulainen/gradle-examples,705,2,0
Spring,spring-projects/spring-xd,705,71,20
Spring,nosqlcoco/springboot-weapp-demo,705,1,0
Spring,aws-samples/amazon-ecs-java-microservices,705,5,0
Spring,adobe/S3Mock,705,33,0
Spring,tim232385/WebVideoBot,705,2,0
Spring,jhipster/jhipster-registry,705,44,2
Spring,ysrc/Liudao,705,4,0
Spring,apache/dubbo-admin,705,30,1
Spring,souyunku/SpringBootExamples,705,3,0
Spring,opentracing-contrib/java-spring-cloud,705,24,2
Spring,shmilyah/spring-cloud-components,705,3,0
Spring,sofastack/sofa-registry,705,4,0
Spring,feuyeux/jax-rs2-guide,705,3,0
Spring,eclipse/hono,705,34,1
Spring,alibaba/nacos,705,82,0
Spring,yu199195/myth,705,10,0
Spring,cloudfoundry/java-buildpack-auto-reconfiguration,705,29,5
Spring,naturalprogrammer/spring-lemon,705,2,0
Spring,xuwujing/springBoot-study,705,2,0
Spring,spring-cloud/spring-cloud-sleuth,705,75,19
Spring,Coding/WebIDE-Backend,705,3,0
Spring,zhengyunfei/springboot-hadmin,705,2,0
Spring,sofastack/sofa-tracer,705,11,0
Spring,anilallewar/microservices-basics-spring-boot,705,3,0
Spring,sanshengshui/netty-learning-example,705,1,0
Spring,1ssqq1lxr/iot_push,705,6,0
Spring,didi/tinyid,705,2,0
Spring,Zoctan/spring-boot-vue-admin,705,2,0
Spring,bitkylin/ClusterDeviceControlPlatform,705,1,0
Spring,roncoo/spring-boot-demo,705,1,0
Spring,qiurunze123/miaosha,705,6,0
Spring,system-sekkei/isolating-the-domain,705,13,0
Spring,joshlong/boot-examples,705,2,1
Spring,rubenlagus/TelegramBots,705,69,0
Spring,whyalwaysmea/Spring-Security,705,1,0
Spring,dangdangdotcom/config-toolkit,705,9,0
